student,question,explanationText,score,upvotes,downvotes,postTimeStamp
4,111,,0,0,0,2017-07-03 02:31:35.645649+00:00
68,121,"union并没有学到。。。
",0,0,0,2017-06-30 12:04:23.876644+00:00
36,102,,0,0,0,2017-06-24 15:59:22.144236+00:00
26,16,,0,0,0,2017-06-24 15:57:45.135420+00:00
31,88,"？
",0,0,0,2017-06-24 15:56:13.907725+00:00
31,89,"？
",0,0,0,2017-06-24 15:52:21.687299+00:00
57,118,,0,0,0,2017-06-24 15:43:32.144342+00:00
31,68,"？
",0,0,0,2017-06-24 15:37:00.091889+00:00
39,118,"？
",0,0,0,2017-06-24 15:34:02.272122+00:00
39,116,"？
",0,0,0,2017-06-24 15:30:19.915328+00:00
39,112,"？
",0,0,0,2017-06-24 15:23:11.023016+00:00
26,71,,0,0,0,2017-06-24 14:58:55.647035+00:00
26,76,,0,0,0,2017-06-24 14:53:26.546531+00:00
54,88,"？
",0,0,0,2017-06-24 14:47:51.183240+00:00
68,118,,0,0,0,2017-06-24 14:35:49.147756+00:00
68,116,,0,0,0,2017-06-24 14:31:34.554229+00:00
68,112,,0,0,0,2017-06-24 14:25:55.468920+00:00
69,16,,0,0,0,2017-06-24 14:21:16.099841+00:00
81,119,,0,0,0,2017-06-24 14:19:35.920850+00:00
69,109,,0,0,0,2017-06-24 14:19:04.413001+00:00
81,118,,0,0,0,2017-06-24 14:18:35.615382+00:00
81,117,,0,0,0,2017-06-24 14:18:05.391249+00:00
56,118,这个题没有录完吧？,0,0,0,2017-06-24 14:17:52.897865+00:00
81,120,,0,0,0,2017-06-24 14:16:44.713482+00:00
81,116,,0,0,0,2017-06-24 14:15:58.361230+00:00
57,100,,0,0,0,2017-06-24 14:15:40.120926+00:00
81,115,,0,0,0,2017-06-24 14:15:08.466827+00:00
69,108,,0,0,0,2017-06-24 14:14:19.200339+00:00
81,114,,0,0,0,2017-06-24 14:14:18.047859+00:00
81,113,,0,0,0,2017-06-24 14:14:05.998021+00:00
81,113,,0,0,0,2017-06-24 14:14:05.924977+00:00
81,113,,0,0,0,2017-06-24 14:14:02.447370+00:00
81,112,,0,0,0,2017-06-24 14:12:39.061345+00:00
46,118,...,0,0,0,2017-06-24 14:12:33.618551+00:00
81,111,,0,0,0,2017-06-24 14:11:30.011649+00:00
81,105,,0,0,0,2017-06-24 14:10:53.280990+00:00
69,118,,0,0,0,2017-06-24 14:10:20.932835+00:00
81,105,,0,0,0,2017-06-24 14:10:13.571799+00:00
81,110,,0,0,0,2017-06-24 14:08:20.200921+00:00
81,109,,0,0,0,2017-06-24 14:07:05.717991+00:00
81,108,,0,0,0,2017-06-24 14:05:47.006312+00:00
81,107,,0,0,0,2017-06-24 14:05:27.106235+00:00
81,106,,0,0,0,2017-06-24 14:05:02.250693+00:00
81,103,,0,0,0,2017-06-24 14:04:08.325321+00:00
81,102,,0,0,0,2017-06-24 14:03:43.480734+00:00
81,102,,0,0,0,2017-06-24 14:03:12.413811+00:00
46,112,if的判断少了一个小括号吧,0,0,0,2017-06-24 13:58:19.561008+00:00
31,119,"~
",0,0,0,2017-06-24 13:57:37.540799+00:00
74,63,  ,0,0,0,2017-06-24 13:45:19.994534+00:00
36,29, ,0,0,0,2017-06-24 13:41:22.944029+00:00
36,20," 
",0,0,0,2017-06-24 13:37:41.541018+00:00
36,120, ,0,0,0,2017-06-24 13:28:39.165996+00:00
15,105,,0,0,0,2017-06-24 13:23:40.510942+00:00
69,116,,0,0,0,2017-06-24 13:23:17.248753+00:00
69,115,,0,0,0,2017-06-24 13:18:46.374570+00:00
69,111,,0,0,0,2017-06-24 13:14:01.998044+00:00
74,93,   ,0,0,0,2017-06-24 13:10:05.454252+00:00
69,105,,0,0,0,2017-06-24 13:05:59.125116+00:00
69,120,,0,0,0,2017-06-24 13:03:35.113939+00:00
69,120,,0,0,0,2017-06-24 13:03:24.322227+00:00
74,120,,0,0,0,2017-06-24 12:58:29.770789+00:00
63,104,  ,0,0,0,2017-06-24 12:29:01.771996+00:00
63,102,  ,0,0,0,2017-06-24 12:26:14.289976+00:00
63,96,  ,0,0,0,2017-06-24 12:14:47.521097+00:00
87,99,1,0,0,0,2017-06-24 12:14:03.286257+00:00
63,95,  ,0,0,0,2017-06-24 12:12:09.731120+00:00
63,88,  ,0,0,0,2017-06-24 12:06:29.483326+00:00
63,85,  ,0,0,0,2017-06-24 11:55:52.893301+00:00
63,83,  ,0,0,0,2017-06-24 11:53:52.233658+00:00
63,120,  ,0,0,0,2017-06-24 11:51:23.157475+00:00
57,120,,0,0,0,2017-06-24 11:21:34.607894+00:00
66,24,0,0,0,0,2017-06-24 09:53:37.458900+00:00
66,112,0,0,0,0,2017-06-24 09:38:34.399040+00:00
66,116,0,0,0,0,2017-06-24 09:35:13.675660+00:00
66,118,？//,0,0,0,2017-06-24 09:27:55.393505+00:00
66,120,0,0,0,0,2017-06-24 09:27:07.877713+00:00
68,110,,0,0,0,2017-06-24 07:22:08.454899+00:00
67,32,,0,0,0,2017-06-24 03:28:22.336584+00:00
74,115, ,0,0,0,2017-06-24 03:05:15.612968+00:00
74,118,为什么 x[j]最后没有加‘\0’,0,0,0,2017-06-24 03:04:06.349859+00:00
74,118,"#include <stdio.h>
#define N 7
int fun(int *a,int *x)
 { int i<N,j=0; 
for(i=0;i<N;i++)
 if( *（a+i）<60)
{ *(x+j)=*(a+i); j++;} 
return j;}
main( ){ 
int a[N]={22,99,44,66,55,88,33},x[N],i,k;
 k=fun(a,x）；
 for（i=0;i<k;i++） printf(“%d”,x[i]); printf(“\n”);}",0,0,0,2017-06-24 03:03:25.068977+00:00
28,81,,0,0,0,2017-06-23 14:54:30.179468+00:00
51,116,,0,0,0,2017-06-22 14:49:37.831981+00:00
51,118,,0,0,0,2017-06-22 14:39:17.309646+00:00
54,118,？？？,0,0,0,2017-06-22 13:54:48.104183+00:00
13,116,  ,0,0,0,2017-06-22 11:15:39.849682+00:00
13,118,  ,0,0,0,2017-06-22 10:58:02.859724+00:00
70,115,,0,0,0,2017-06-22 09:06:17.455872+00:00
44,118,,0,0,0,2017-06-22 08:51:44.310449+00:00
77,100, ,0,0,0,2017-06-22 08:44:32.708635+00:00
83,112,第二次执行fun不会循环调用自身函数，只会继续执行这个算法。程序的本质在于通过fun函数交换了两次数组元素的顺序并输出,0,0,0,2017-06-22 08:33:50.314991+00:00
33,115,,0,0,0,2017-06-22 08:31:15.071995+00:00
73,116, ,0,0,0,2017-06-22 08:31:10.735756+00:00
58,118,?,0,0,0,2017-06-22 08:29:07.458880+00:00
44,116,,0,0,0,2017-06-22 08:23:52.186041+00:00
73,118,?,0,0,0,2017-06-22 08:22:55.388254+00:00
67,112,,0,0,0,2017-06-22 08:22:12.046745+00:00
44,115,,0,0,0,2017-06-22 08:20:48.270426+00:00
44,114,,0,0,0,2017-06-22 08:18:29.894499+00:00
44,113,,0,0,0,2017-06-22 08:15:51.220006+00:00
52,118,,0,0,0,2017-06-22 08:09:35.972033+00:00
52,117,,0,0,0,2017-06-22 08:08:56.693509+00:00
83,117,r的值应该是什么,0,0,0,2017-06-22 08:07:15.555092+00:00
84,118,,0,0,0,2017-06-22 08:01:07.308443+00:00
83,112,第二个fun是什么意思？,0,0,0,2017-06-22 08:00:29.408421+00:00
83,112,,0,0,0,2017-06-22 08:00:02.586348+00:00
52,112,,0,0,0,2017-06-22 07:59:40.231079+00:00
67,113,,0,0,0,2017-06-22 07:59:06.927467+00:00
44,105,,0,0,0,2017-06-22 07:58:36.709608+00:00
67,114,,0,0,0,2017-06-22 07:58:03.953387+00:00
19,118,,0,0,0,2017-06-22 07:57:52.563358+00:00
19,112,,0,0,0,2017-06-22 07:56:00.499491+00:00
79,112,,0,0,0,2017-06-22 07:52:47.265267+00:00
38,118,,0,0,0,2017-06-22 07:52:33.812862+00:00
19,115,,0,0,0,2017-06-22 07:48:38.294770+00:00
83,114,没有定义默认整型，函数类型是返回值类型,0,0,0,2017-06-22 07:47:37.279223+00:00
83,114,,0,0,0,2017-06-22 07:46:43.903771+00:00
19,116,,0,0,0,2017-06-22 07:46:30.129436+00:00
18,117,,0,0,0,2017-06-22 07:43:57.410236+00:00
31,116,"?
",0,0,0,2017-06-22 07:43:35.381130+00:00
83,115,,0,0,0,2017-06-22 07:42:36.554603+00:00
44,109,走两遍循环,0,0,0,2017-06-22 07:41:47.912631+00:00
44,109,,0,0,0,2017-06-22 07:41:21.382933+00:00
18,116,,0,0,0,2017-06-22 07:40:13.245988+00:00
84,118,,0,0,0,2017-06-22 07:39:14.209733+00:00
84,112,,0,0,0,2017-06-22 07:38:14.221988+00:00
59,116,？？？,0,0,0,2017-06-22 07:37:55.048121+00:00
83,116,,0,0,0,2017-06-22 07:37:20.435051+00:00
38,114,,0,0,0,2017-06-22 07:35:44.598072+00:00
11,117,uncompleted,0,0,0,2017-06-22 07:35:13.099711+00:00
49,118,,0,0,0,2017-06-22 07:35:08.896290+00:00
19,118,,0,0,0,2017-06-22 07:34:05.484767+00:00
59,112,"？？？
",0,0,0,2017-06-22 07:33:33.298530+00:00
49,117,,0,0,0,2017-06-22 07:32:50.832060+00:00
44,108,,0,0,0,2017-06-22 07:31:54.025065+00:00
83,118,,0,0,0,2017-06-22 07:31:37.358604+00:00
38,112,,0,0,0,2017-06-22 07:29:20.238818+00:00
44,107,,0,0,0,2017-06-22 07:28:28.871762+00:00
11,112,nm,0,0,0,2017-06-22 07:27:19.745300+00:00
21,118,,0,0,0,2017-06-22 07:26:24.794662+00:00
70,117,,0,0,0,2017-06-22 05:16:14.355506+00:00
71,113,复合语句是什么？,0,0,0,2017-06-21 16:40:23.165717+00:00
71,112,if（i  什么？,0,0,0,2017-06-21 16:38:17.785340+00:00
71,116,*(p+1)指的是什么？,0,0,0,2017-06-21 16:31:28.112233+00:00
28,116,*(*(p+1）+2）没问题吗？,0,0,0,2017-06-21 15:21:44.432047+00:00
28,116,,0,0,0,2017-06-21 15:20:11.003961+00:00
28,117,,0,0,0,2017-06-21 15:16:42.159673+00:00
20,105,,0,0,0,2017-06-21 11:25:41.743991+00:00
20,110,,0,0,0,2017-06-21 11:20:10.261776+00:00
20,111,,0,0,0,2017-06-21 11:19:15.601376+00:00
63,81,  ,0,0,0,2017-06-21 11:15:40.741713+00:00
20,115,,0,0,0,2017-06-21 11:03:25.247213+00:00
20,116,,0,0,0,2017-06-21 10:52:06.720998+00:00
63,71,  ,0,0,0,2017-06-21 10:51:59.426840+00:00
20,117,,0,0,0,2017-06-21 10:49:14.850819+00:00
73,111,？,0,0,0,2017-06-21 08:48:33.099454+00:00
63,117,"else后面是什么。。
",0,0,0,2017-06-21 08:45:09.275723+00:00
63,117, ,0,0,0,2017-06-21 08:43:49.646215+00:00
73,117,"？
",0,0,0,2017-06-21 08:13:29.814632+00:00
49,114,"好像没有定义的话默认整型来着
",0,0,0,2017-06-20 13:35:54.664993+00:00
49,114,,0,0,0,2017-06-20 13:32:22.812404+00:00
49,112,i<=2吧……,0,0,0,2017-06-20 13:31:25.342142+00:00
49,112,,0,0,0,2017-06-20 13:30:30.434938+00:00
49,116,,0,0,0,2017-06-20 13:20:05.854498+00:00
54,112,。 ,0,0,0,2017-06-20 12:31:50.787285+00:00
54,113,"啥是复合语句
",0,0,0,2017-06-20 11:52:57.770488+00:00
54,105,求解这题。。,0,0,0,2017-06-20 11:31:09.482723+00:00
54,116,"X=10是用来干啥的
",0,0,0,2017-06-20 11:24:04.782033+00:00
36,116, ,0,0,0,2017-06-20 09:51:26.548663+00:00
36,115,,0,0,0,2017-06-20 09:45:43.137045+00:00
48,116,此文中，函数f是因为使用了指针传递地址所以能够改变函数参数s的指向嘛？,0,0,0,2017-06-20 09:43:27.372784+00:00
36,111, ,0,0,0,2017-06-20 09:39:57.530001+00:00
36,105," 
",0,0,0,2017-06-20 09:35:54.268503+00:00
48,112,if括号里应该是什么内容？,0,0,0,2017-06-20 09:34:31.614477+00:00
26,112,,0,0,0,2017-06-20 07:51:18.707228+00:00
63,53,  ,0,0,0,2017-06-20 04:22:58.372438+00:00
63,31,  ,0,0,0,2017-06-20 03:43:56.028569+00:00
63,25,"  
",0,0,0,2017-06-20 03:27:02.194768+00:00
63,21,"=2.5 +7%3*(int)(2.5+4.7)%2/4
=2.5+1*7%2/4
=2.5+1/4 //""1/4""得0不同于""1.0/4""
=2.5+0
=2.5",0,0,0,2017-06-20 03:09:42.570943+00:00
63,18,  ,0,0,0,2017-06-20 02:59:51.257475+00:00
63,112,  ,0,0,0,2017-06-20 02:36:33.992373+00:00
63,105,  ,0,0,0,2017-06-20 02:22:53.542596+00:00
63,110,  ,0,0,0,2017-06-20 02:19:37.553640+00:00
28,67,,0,0,0,2017-06-19 15:16:30.577442+00:00
28,68,"
",0,0,0,2017-06-19 15:11:52.998540+00:00
28,61,,0,0,0,2017-06-19 15:10:06.212354+00:00
28,112,,0,0,0,2017-06-19 14:49:13.210823+00:00
35,113,？,0,0,0,2017-06-19 12:28:24.703814+00:00
43,113,?,0,0,0,2017-06-19 08:56:40.133267+00:00
43,105,不懂,0,0,0,2017-06-19 08:09:42.501830+00:00
43,110,1,0,0,0,2017-06-19 08:06:40.473768+00:00
43,108,2,0,0,0,2017-06-19 08:01:58.768997+00:00
43,103,哦是(*a[0])++先把*a[0]给了y然后再加一,0,0,0,2017-06-19 07:06:58.496373+00:00
43,103,不是2吗,0,0,0,2017-06-19 07:05:46.589029+00:00
43,114,函数的类型是返回值类型,0,0,0,2017-06-19 06:58:39.331072+00:00
87,95,1,0,0,0,2017-06-19 06:32:06.388895+00:00
87,92,1,0,0,0,2017-06-19 06:29:39.881615+00:00
87,91,1,0,0,0,2017-06-19 06:27:49.636865+00:00
87,90,1,0,0,0,2017-06-19 06:26:03.413696+00:00
87,88,1,0,0,0,2017-06-19 06:24:16.442428+00:00
87,114,,0,0,0,2017-06-19 06:22:24.642118+00:00
74,112,,0,0,0,2017-06-18 02:21:51.971241+00:00
74,113,,0,0,0,2017-06-18 02:18:34.280830+00:00
51,112,,0,0,0,2017-06-17 16:44:15.885887+00:00
51,113,,0,0,0,2017-06-17 16:40:56.768653+00:00
31,110,"？
",0,0,0,2017-06-17 15:08:43.277360+00:00
4,112,"哈哈哈
",0,0,0,2017-06-17 02:47:00.851532+00:00
41,105,。。。,0,0,0,2017-06-15 09:38:11.915101+00:00
57,109,,0,0,0,2017-06-15 09:34:33.470498+00:00
57,109,,0,0,0,2017-06-15 09:34:32.244497+00:00
57,105,,0,0,0,2017-06-15 09:29:52.905977+00:00
57,110,,0,0,0,2017-06-15 09:24:07.670020+00:00
74,109,"
",0,0,0,2017-06-15 09:04:06.385513+00:00
83,105,是把主函数5的地址给了10.不是把主函数的10给了5，定义的函数其实并不影响主函数的运行结果，主函数相当于输入一个数a，给出其地址，然后主函数输出a,0,0,0,2017-06-15 09:02:14.068512+00:00
67,105,,0,0,0,2017-06-15 09:00:11.517203+00:00
74,110,,0,0,0,2017-06-15 08:48:34.187591+00:00
15,110,,0,0,0,2017-06-15 08:46:08.636600+00:00
15,109,,0,0,0,2017-06-15 08:41:31.839329+00:00
74,105,,0,0,0,2017-06-15 08:34:30.445356+00:00
74,111,,0,0,0,2017-06-15 08:33:15.180020+00:00
15,102,,0,0,0,2017-06-15 08:29:18.880073+00:00
49,110,*p指向整形 p指向指向（指向整形的）指针，返回值由int *确定,0,0,0,2017-06-15 08:19:04.112915+00:00
19,106,,0,0,0,2017-06-15 08:07:16.460887+00:00
19,108,,0,0,0,2017-06-15 08:05:01.641453+00:00
83,109,直到v为假时停止循环，即v为零，其余都是真,0,0,0,2017-06-15 08:04:51.286705+00:00
83,109,,0,0,0,2017-06-15 08:03:41.180137+00:00
19,109,,0,0,0,2017-06-15 08:02:38.298387+00:00
49,110,,0,0,0,2017-06-15 08:02:05.437058+00:00
46,105,为什么fun中的++a不对最后的a的值有影响？,0,0,0,2017-06-15 08:01:34.694666+00:00
70,105,,0,0,0,2017-06-15 08:00:33.808987+00:00
71,107,是因为是变量所以是值传递吗？,0,0,0,2017-06-15 07:57:58.627634+00:00
70,110,,0,0,0,2017-06-15 07:57:46.702232+00:00
19,105,,0,0,0,2017-06-15 07:56:03.926657+00:00
83,111,3加4加5,0,0,0,2017-06-15 07:55:31.810625+00:00
83,111,,0,0,0,2017-06-15 07:55:05.558872+00:00
30,105,,0,0,0,2017-06-15 07:53:58.892707+00:00
58,110,(⊙v⊙)？？？,0,0,0,2017-06-15 07:53:45.165154+00:00
19,111,,0,0,0,2017-06-15 07:53:04.038001+00:00
48,105,如果下面的printf里面的a换成*p的话，结果又是多少呢？,0,0,0,2017-06-15 07:51:26.367747+00:00
30,109,,0,0,0,2017-06-15 07:47:58.480325+00:00
83,105,,0,0,0,2017-06-15 07:47:51.790640+00:00
18,109,,0,0,0,2017-06-15 07:47:26.022262+00:00
83,110,"*作为定义的时候，是一个左结合操作符，优先跟其左边的描述相结合int * : 整型指针(*p) : 用括号调整优先级，强迫其与p作结合，表示p是一个指针类型(否则此处p应与""()""结合作为一个函数，而该""*""则应跟左边的""int *""结合作为""int **""整型指针的指针)",0,0,0,2017-06-15 07:45:05.048841+00:00
38,105,上一条打错一个字........所以再解释一遍，函数只是对变量的地址进行了改变，把函数体内那个10的地址给了主函数的5，但是这个变量虽然地址变了，里面的数值依旧是5,0,0,0,2017-06-15 07:43:51.472096+00:00
71,105,为什么不是11?,0,0,0,2017-06-15 07:42:40.857917+00:00
45,111,??,0,0,0,2017-06-15 07:42:00.529727+00:00
48,109,while（v）是什么意思？,0,0,0,2017-06-15 07:41:33.603695+00:00
52,111,,0,0,0,2017-06-15 07:40:58.710873+00:00
83,110,,0,0,0,2017-06-15 07:40:43.458324+00:00
38,105,我的理解是，这个函数只是把这个变量的地址变了，所以之依旧是5,0,0,0,2017-06-15 07:40:03.918516+00:00
33,105,求解求解,0,0,0,2017-06-15 07:37:37.386890+00:00
33,105,,0,0,0,2017-06-15 07:37:13.918637+00:00
18,105,,0,0,0,2017-06-15 07:34:10.859226+00:00
38,105,,0,0,0,2017-06-15 07:30:21.864991+00:00
33,110,,0,0,0,2017-06-15 07:30:15.359186+00:00
11,105,没返回给a吧,0,0,0,2017-06-15 07:26:11.486825+00:00
11,105,.,0,0,0,2017-06-15 07:25:42.236560+00:00
38,110,,0,0,0,2017-06-15 07:25:35.721951+00:00
26,111," 
",0,0,0,2017-06-15 07:24:12.414778+00:00
63,107,  ,0,0,0,2017-06-15 05:28:06.753946+00:00
73,110,什么意思额,0,0,0,2017-06-15 04:26:06.013807+00:00
73,105,？,0,0,0,2017-06-15 04:25:05.553663+00:00
73,103,"？
",0,0,0,2017-06-15 04:23:11.894825+00:00
73,108,"(exp1,exp2)是逗号表达式：算出exp1和exp2的值，然后取exp2的值；
后面的exp3和exp4也是一样。所以说调用的实参只有两个。 ",0,0,0,2017-06-15 04:13:01.377007+00:00
22,110,,0,0,0,2017-06-14 12:56:09.680674+00:00
22,105,,0,0,0,2017-06-14 12:37:19.533711+00:00
25,105,,0,0,0,2017-06-14 11:23:38.543577+00:00
13,105,  ,0,0,0,2017-06-14 07:30:07.494036+00:00
13,110,  ,0,0,0,2017-06-14 07:26:55.889002+00:00
13,108,  ,0,0,0,2017-06-14 07:23:23.161578+00:00
9,109,注意返回值是u,0,0,0,2017-06-14 06:14:22.850346+00:00
54,110,想知道后面的空括号是干嘛用的。。。,0,0,0,2017-06-13 10:57:15.255753+00:00
53,108,。。,0,0,0,2017-06-13 09:24:54.305608+00:00
20,108,,0,0,0,2017-06-12 11:42:12.487254+00:00
51,107,,0,0,0,2017-06-12 07:49:58.380954+00:00
51,108,,0,0,0,2017-06-12 07:49:07.256205+00:00
74,53, ,0,0,0,2017-06-11 12:36:28.908480+00:00
74,52, ,0,0,0,2017-06-11 12:34:35.673949+00:00
74,42, ,0,0,0,2017-06-11 12:07:13.838476+00:00
74,41, ,0,0,0,2017-06-11 12:06:01.705488+00:00
74,39, ,0,0,0,2017-06-11 12:05:00.369822+00:00
74,38, ,0,0,0,2017-06-11 12:04:17.110219+00:00
74,37," 
",0,0,0,2017-06-11 12:03:36.782137+00:00
74,36, ,0,0,0,2017-06-11 12:01:54.850307+00:00
74,9, ,0,0,0,2017-06-11 12:01:00.420805+00:00
74,35,C项最后的结果是-3 吗？,0,0,0,2017-06-11 12:00:43.205399+00:00
74,35, ,0,0,0,2017-06-11 12:00:10.977152+00:00
74,32, ,0,0,0,2017-06-11 11:55:31.356702+00:00
74,30, ,0,0,0,2017-06-11 11:52:52.363478+00:00
74,26,A项 scanf第二个变量必须是地址列表，而3.5并不是一个地址；B项 scanf不能进行格式控制，只有printf才能进行格式控制,0,0,0,2017-06-11 11:19:17.852287+00:00
74,21,7.2强制类型转化应该就是7，不是8,0,0,0,2017-06-11 11:08:09.545328+00:00
25,104,,0,0,0,2017-06-10 08:54:51.417195+00:00
25,102,,0,0,0,2017-06-10 08:46:05.056080+00:00
13,107,  ,0,0,0,2017-06-10 07:29:20.985250+00:00
8,92, ,0,0,0,2017-06-09 17:35:09.191715+00:00
8,91, ,0,0,0,2017-06-09 17:32:22.090229+00:00
8,101,为什么不选A？？？,0,0,0,2017-06-09 17:22:28.006064+00:00
8,101, ,0,0,0,2017-06-09 17:21:03.282184+00:00
8,98, ,0,0,0,2017-06-09 17:12:23.355032+00:00
51,101,,0,0,0,2017-06-08 17:19:55.657515+00:00
51,102,应该是5个字符..默认\0,0,0,0,2017-06-08 17:18:28.244034+00:00
51,103,,0,0,0,2017-06-08 17:16:35.873847+00:00
44,104,,0,0,0,2017-06-08 12:17:12.557109+00:00
44,103,,0,0,0,2017-06-08 12:15:44.902596+00:00
44,102,是5个字符要注意,0,0,0,2017-06-08 12:14:28.785896+00:00
44,102,,0,0,0,2017-06-08 12:14:02.163699+00:00
44,99,,0,0,0,2017-06-08 12:10:54.586417+00:00
44,98,,0,0,0,2017-06-08 12:08:01.187994+00:00
68,85,,0,0,0,2017-06-08 10:15:25.107204+00:00
68,84,,0,0,0,2017-06-08 10:13:58.472077+00:00
68,83,,0,0,0,2017-06-08 10:12:18.259462+00:00
68,82,,0,0,0,2017-06-08 10:11:27.926561+00:00
68,88,,0,0,0,2017-06-08 10:06:16.486180+00:00
68,89,,0,0,0,2017-06-08 10:04:30.781536+00:00
68,91,t0  t1   t2分别是三行元素的首地址,0,0,0,2017-06-08 10:01:14.971005+00:00
68,91,,0,0,0,2017-06-08 10:00:23.190654+00:00
68,92,,0,0,0,2017-06-08 09:58:44.719069+00:00
68,93,,0,0,0,2017-06-08 09:56:24.444438+00:00
68,94,,0,0,0,2017-06-08 09:55:19.803385+00:00
68,95,,0,0,0,2017-06-08 09:52:44.986434+00:00
68,96,,0,0,0,2017-06-08 09:50:25.700981+00:00
68,102,,0,0,0,2017-06-08 09:45:23.942001+00:00
68,101,,0,0,0,2017-06-08 09:40:30.011086+00:00
81,101,,0,0,0,2017-06-08 09:12:19.813349+00:00
57,102,,0,0,0,2017-06-08 09:09:09.152797+00:00
83,101,,0,0,0,2017-06-08 09:08:39.216007+00:00
81,100,,0,0,0,2017-06-08 09:06:34.816353+00:00
83,99,,0,0,0,2017-06-08 09:04:46.774543+00:00
83,98,,0,0,0,2017-06-08 09:01:51.814878+00:00
15,101,,0,0,0,2017-06-08 09:01:20.981411+00:00
8,96, ,0,0,0,2017-06-08 09:00:33.973982+00:00
81,99,,0,0,0,2017-06-08 08:59:49.153290+00:00
81,98,,0,0,0,2017-06-08 08:58:41.470295+00:00
15,99,,0,0,0,2017-06-08 08:57:56.909894+00:00
8,95, ,0,0,0,2017-06-08 08:55:37.692239+00:00
15,97,,0,0,0,2017-06-08 08:54:10.489345+00:00
67,98,,0,0,0,2017-06-08 08:53:56.096388+00:00
57,103,,0,0,0,2017-06-08 08:53:42.778220+00:00
69,103,,0,0,0,2017-06-08 08:53:15.768132+00:00
15,96,,0,0,0,2017-06-08 08:53:07.484573+00:00
69,104,,0,0,0,2017-06-08 08:51:29.394273+00:00
30,103,,0,0,0,2017-06-08 08:49:44.690191+00:00
67,99,,0,0,0,2017-06-08 08:49:11.197776+00:00
19,98,,0,0,0,2017-06-08 08:47:27.385929+00:00
15,95,,0,0,0,2017-06-08 08:47:22.598129+00:00
15,104,,0,0,0,2017-06-08 08:47:03.178570+00:00
15,94,,0,0,0,2017-06-08 08:46:09.298681+00:00
67,102,,0,0,0,2017-06-08 08:44:53.420475+00:00
19,99,,0,0,0,2017-06-08 08:43:56.154076+00:00
56,101,为什么不选A呀,0,0,0,2017-06-08 08:41:12.392135+00:00
30,102,,0,0,0,2017-06-08 08:39:56.459069+00:00
8,104, ,0,0,0,2017-06-08 08:34:23.114371+00:00
67,104,,0,0,0,2017-06-08 08:34:16.523257+00:00
66,77,,0,0,0,2017-06-08 08:33:01.828002+00:00
57,99,,0,0,0,2017-06-08 08:31:09.595468+00:00
21,103,,0,0,0,2017-06-08 08:26:53.376539+00:00
23,97,,0,0,0,2017-06-08 08:25:53.667058+00:00
49,103,,0,0,0,2017-06-08 08:24:33.432387+00:00
83,103,"要等到把(*--p)的值赋给y后(*--p)的值才会增1。所以结果是y=1，a[0]=2。
",0,0,0,2017-06-08 08:22:14.300327+00:00
8,103, ,0,0,0,2017-06-08 08:21:45.107549+00:00
49,102,5个字符这个真的是有毒啊啊啊啊啊,0,0,0,2017-06-08 08:21:21.003695+00:00
49,102,,0,0,0,2017-06-08 08:20:13.932749+00:00
81,104,"
",0,0,0,2017-06-08 08:20:05.962731+00:00
19,101,,0,0,0,2017-06-08 08:19:16.131895+00:00
36,96, ,0,0,0,2017-06-08 08:19:02.923221+00:00
39,99,呵呵，这么赋值是一个一个溜,0,0,0,2017-06-08 08:18:34.530153+00:00
39,98,so 是说换成*（p+2)就对了嘛，我要报警了,0,0,0,2017-06-08 08:17:31.264375+00:00
23,96, ,0,0,0,2017-06-08 08:17:27.519259+00:00
74,102," B）aa是指针数组，不是指针变量
C）aa数组的两个元素分别存放的是含有5个字符的一维字符数组的首地址",0,0,0,2017-06-08 08:16:50.986469+00:00
83,103,,0,0,0,2017-06-08 08:16:40.444525+00:00
39,102,5个元素，有毒吧,0,0,0,2017-06-08 08:16:06.429512+00:00
48,104,为什么定义的时候不说清楚是指针变量呢？即为啥定义时前面没有“*”号？,0,0,0,2017-06-08 08:15:52.221767+00:00
19,102,b错在哪里啊？,0,0,0,2017-06-08 08:15:25.436650+00:00
21,104,,0,0,0,2017-06-08 08:14:29.063124+00:00
39,103,++是在赋值之后在运算，我要报警了,0,0,0,2017-06-08 08:14:15.161204+00:00
36,104," 
",0,0,0,2017-06-08 08:13:20.159675+00:00
39,103,.,0,0,0,2017-06-08 08:13:13.783752+00:00
59,104,？？？,0,0,0,2017-06-08 08:11:42.267699+00:00
48,103,为啥就是1了啊？不是还有一个++吗,0,0,0,2017-06-08 08:11:21.409546+00:00
19,102,,0,0,0,2017-06-08 08:08:43.959811+00:00
35,104,B和D有什么区别呢……,0,0,0,2017-06-08 08:08:24.210569+00:00
66,103,1,0,0,0,2017-06-08 08:07:42.913296+00:00
79,103,,0,0,0,2017-06-08 08:07:39.185828+00:00
19,103,,0,0,0,2017-06-08 08:05:24.925835+00:00
21,102,,0,0,0,2017-06-08 08:05:22.286901+00:00
66,102,,0,0,0,2017-06-08 08:05:17.477374+00:00
71,102,C应该是5个字符。,0,0,0,2017-06-08 08:05:11.690422+00:00
71,102,aa是什么？,0,0,0,2017-06-08 08:04:29.039450+00:00
57,104,,0,0,0,2017-06-08 08:04:03.749402+00:00
31,103,so....,0,0,0,2017-06-08 08:03:32.824678+00:00
20,101,,0,0,0,2017-06-08 08:03:30.802039+00:00
49,101,,0,0,0,2017-06-08 08:02:34.144068+00:00
71,103,--的优先级比*低吗？,0,0,0,2017-06-08 08:01:02.912685+00:00
31,102,c应该是5个字符,0,0,0,2017-06-08 08:00:24.598565+00:00
31,102,嘤嘤,0,0,0,2017-06-08 07:59:56.403559+00:00
18,104,"void语句后面定义x,y时，是不是应该加*？但是B和D确实一样啊",0,0,0,2017-06-08 07:59:50.004474+00:00
48,102,C选项和正确选项之间的区别在？,0,0,0,2017-06-08 07:59:05.449491+00:00
21,101,,0,0,0,2017-06-08 07:58:32.028203+00:00
83,104,,0,0,0,2017-06-08 07:57:50.145956+00:00
33,96,,0,0,0,2017-06-08 07:57:44.397872+00:00
70,103,,0,0,0,2017-06-08 07:57:11.377652+00:00
30,101,,0,0,0,2017-06-08 07:57:07.129967+00:00
38,104,,0,0,0,2017-06-08 07:57:04.799280+00:00
48,101,B错是因为需要输出的是整个数组吗？,0,0,0,2017-06-08 07:56:52.294987+00:00
74,99," *(a[2]+1) 等价于a[1][1],跟D项不同",0,0,0,2017-06-08 07:56:24.087699+00:00
66,95,,0,0,0,2017-06-08 07:55:59.109928+00:00
70,102,,0,0,0,2017-06-08 07:55:27.815195+00:00
20,103,,0,0,0,2017-06-08 07:55:19.317983+00:00
41,99,a【3】【4】是3*4还是4*3啊？,0,0,0,2017-06-08 07:54:29.732234+00:00
58,104,???,0,0,0,2017-06-08 07:54:21.116675+00:00
49,104,更正：题干有问题，函数的形参应该定义成指针，然后B，D在这个题干下没问题,0,0,0,2017-06-08 07:54:11.945949+00:00
71,104,不用指针的形式也可以被地址赋值，问题是BD不都可以？难道还有顺序？,0,0,0,2017-06-08 07:53:52.474229+00:00
74,99,,0,0,0,2017-06-08 07:53:21.368754+00:00
39,104,"?
",0,0,0,2017-06-08 07:53:10.294333+00:00
22,103,,0,0,0,2017-06-08 07:53:09.813354+00:00
36,99, ,0,0,0,2017-06-08 07:52:50.004346+00:00
19,104,,0,0,0,2017-06-08 07:52:34.984854+00:00
38,102,,0,0,0,2017-06-08 07:50:32.937654+00:00
84,104,,0,0,0,2017-06-08 07:49:57.161018+00:00
49,104,"A仔细想想不对，应为地址的值给了浮点型数的话就不再是地址了，所以x,y并没有指向a,b；C也不对，temp不是形参，它就是浮点型所以不能用指针的形式。问题是，B、D有什么区别？？？

",0,0,0,2017-06-08 07:49:47.087071+00:00
73,104,不需要提前定义指针么,0,0,0,2017-06-08 07:49:13.094554+00:00
54,99,A指的是啥呀,0,0,0,2017-06-08 07:49:12.096449+00:00
68,100,,0,0,0,2017-06-08 07:49:04.887017+00:00
74,104,,0,0,0,2017-06-08 07:49:01.264699+00:00
33,95,,0,0,0,2017-06-08 07:48:49.935627+00:00
30,99,,0,0,0,2017-06-08 07:48:23.029734+00:00
33,104,,0,0,0,2017-06-08 07:47:28.693933+00:00
31,99,如果是*(a[0]+6)或者*（a[1]+2）也是对的,0,0,0,2017-06-08 07:47:23.915717+00:00
15,93,,0,0,0,2017-06-08 07:46:58.252908+00:00
18,104,,0,0,0,2017-06-08 07:46:00.999791+00:00
21,100,,0,0,0,2017-06-08 07:45:57.973671+00:00
11,103,   ,0,0,0,2017-06-08 07:45:53.904261+00:00
49,104,,0,0,0,2017-06-08 07:45:34.543188+00:00
20,104,"x,y定义的时候也不是指针吧？为什么呀",0,0,0,2017-06-08 07:44:35.109620+00:00
15,92,,0,0,0,2017-06-08 07:44:00.324981+00:00
20,104,,0,0,0,2017-06-08 07:43:46.954538+00:00
11,102,  ,0,0,0,2017-06-08 07:43:08.872678+00:00
11,101,  ,0,0,0,2017-06-08 07:41:42.670644+00:00
71,104,temp定义时不是指针，后面怎么用作指针啊？,0,0,0,2017-06-08 07:41:22.289867+00:00
30,96,,0,0,0,2017-06-08 07:41:02.401362+00:00
68,99,,0,0,0,2017-06-08 07:40:10.709618+00:00
21,99,,0,0,0,2017-06-08 07:39:46.613251+00:00
21,98,,0,0,0,2017-06-08 07:38:43.354667+00:00
68,98,,0,0,0,2017-06-08 07:38:36.070043+00:00
66,86,4,0,0,0,2017-06-08 07:38:29.847614+00:00
31,104,"B和D有区别么?
",0,0,0,2017-06-08 07:38:16.212736+00:00
73,102,?,0,0,0,2017-06-08 07:38:11.934574+00:00
66,85,a\b是数组名——地址,0,0,0,2017-06-08 07:37:12.140269+00:00
13,104,,0,0,0,2017-06-08 07:33:49.841220+00:00
13,104,B和D不一样吗？,0,0,0,2017-06-08 07:32:10.070254+00:00
66,104,,0,0,0,2017-06-08 07:32:02.714011+00:00
13,104,  ,0,0,0,2017-06-08 07:31:42.947353+00:00
18,101,,0,0,0,2017-06-08 07:26:28.585339+00:00
68,97,指针不能乘除，但可以加减（地址的移动）,0,0,0,2017-06-08 07:26:03.927329+00:00
68,97,,0,0,0,2017-06-08 07:25:07.506220+00:00
9,102,没看懂这题啥意思...,0,0,0,2017-06-08 07:24:55.539853+00:00
74,101,"D选项为什么正确啊？
",0,0,0,2017-06-08 07:23:25.313994+00:00
11,104,do not understand,0,0,0,2017-06-08 07:22:38.115281+00:00
4,102,,0,0,0,2017-06-08 06:37:35.285139+00:00
4,101,,0,0,0,2017-06-08 06:29:32.677078+00:00
4,97,,0,0,0,2017-06-08 06:27:07.224315+00:00
9,101,要输出一个字符串可以用指向其的指针变量来输出，,0,0,0,2017-06-08 05:55:59.424950+00:00
9,99,一个二维数组要看成是多个一维数组的组合，于是a[0]表示第一个一维数组的地址，并不代表这个二维数组的首地址（虽然数值上是一样的，但意义不一样），所以a[0]+1代表的是a[1]而不是a[0][1]。,0,0,0,2017-06-08 05:49:42.273923+00:00
4,103,,0,0,0,2017-06-08 05:44:22.158050+00:00
9,103,(*--p)的运行是怎样的顺序呢？,0,0,0,2017-06-08 05:40:18.447244+00:00
74,102,"B C 选项哪里错了啊？
",0,0,0,2017-06-08 05:34:35.036367+00:00
63,98,  ,0,0,0,2017-06-08 05:30:19.524294+00:00
63,103,  ,0,0,0,2017-06-08 05:28:29.502082+00:00
74,103,"--p此时p指向了a[0],   即y=(*a[0])++;那么y就应该等于a[0]",0,0,0,2017-06-08 05:24:28.353119+00:00
74,103,"
",0,0,0,2017-06-08 05:23:04.962369+00:00
25,103,,0,0,0,2017-06-07 13:15:32.520677+00:00
13,103,  ,0,0,0,2017-06-07 08:44:56.162780+00:00
77,92,,0,0,0,2017-06-06 11:23:06.052330+00:00
77,91,‘’,0,0,0,2017-06-06 11:20:50.414256+00:00
35,101,输出单个字符用%c,0,0,0,2017-06-06 10:18:03.004305+00:00
13,102,  ,0,0,0,2017-06-06 09:30:30.333342+00:00
25,99,,0,0,0,2017-06-06 06:55:14.389168+00:00
70,101,,0,0,0,2017-06-06 02:14:33.139454+00:00
43,101,哦错误的...,0,0,0,2017-06-05 14:11:40.458040+00:00
43,101,？,0,0,0,2017-06-05 14:11:24.595702+00:00
43,99,*（a+6）呢？,0,0,0,2017-06-05 13:58:11.074770+00:00
20,18,,0,0,0,2017-06-04 09:38:38.021372+00:00
20,16,,0,0,0,2017-06-04 09:38:11.499091+00:00
20,99,,0,0,0,2017-06-04 09:35:14.377902+00:00
35,99,为什么二元数组的a不是第一个元素的地址呢,0,0,0,2017-06-04 07:45:02.668139+00:00
26,71,,0,0,0,2017-06-04 07:13:34.554388+00:00
26,83,,0,0,0,2017-06-04 05:55:02.988452+00:00
70,99,,0,0,0,2017-06-04 05:37:39.811835+00:00
26,96,,0,0,0,2017-06-04 02:42:30.653507+00:00
26,99,,0,0,0,2017-06-04 02:26:27.076304+00:00
73,66,？,0,0,0,2017-06-04 01:58:14.280356+00:00
73,67,~,0,0,0,2017-06-04 01:52:00.898698+00:00
73,68,AB？,0,0,0,2017-06-04 01:47:37.671030+00:00
73,71,B呢,0,0,0,2017-06-04 01:37:47.180511+00:00
73,72,？,0,0,0,2017-06-04 01:35:47.681561+00:00
73,75,？,0,0,0,2017-06-04 01:33:30.493846+00:00
73,76,AD,0,0,0,2017-06-04 01:29:29.452651+00:00
73,78,ad,0,0,0,2017-06-04 01:25:39.912135+00:00
73,83,求解,0,0,0,2017-06-03 10:19:04.543487+00:00
73,85,~,0,0,0,2017-06-03 10:11:29.036541+00:00
73,86,如果是a[3]的话：是选B么,0,0,0,2017-06-03 10:10:56.473735+00:00
73,87,~,0,0,0,2017-06-03 10:08:58.351077+00:00
73,99,C选项跟D选项的是一样的额,0,0,0,2017-06-03 09:57:16.725412+00:00
73,99,有正确答案么,0,0,0,2017-06-03 09:54:47.016703+00:00
51,98,,0,0,0,2017-06-02 10:52:34.114254+00:00
73,95,"指针可以p=""abcd"",但 直接b=""abcd""不可以",0,0,0,2017-06-02 09:45:40.474902+00:00
60,64,,0,0,0,2017-06-02 01:19:24.844093+00:00
60,63,？？,0,0,0,2017-06-02 01:09:01.031101+00:00
60,62,除了go to还能用什么啊,0,0,0,2017-06-02 00:52:43.038531+00:00
60,60,while(k)等价于while(k!=0),0,0,0,2017-06-02 00:49:20.725303+00:00
60,60,,0,0,0,2017-06-02 00:44:04.683923+00:00
60,59,所以while(n)是判断里面的逻辑值吗,0,0,0,2017-06-02 00:42:33.047963+00:00
60,58,是结束循环的条件啊！！,0,0,0,2017-06-02 00:38:26.677302+00:00
60,57,是因为while格式要加{}吗,0,0,0,2017-06-02 00:34:03.947486+00:00
60,56,do while一定至少会执行一次,0,0,0,2017-06-02 00:30:42.310271+00:00
51,95,,0,0,0,2017-06-01 14:46:47.999788+00:00
51,96,*（p+2）,0,0,0,2017-06-01 14:45:28.134855+00:00
51,96,,0,0,0,2017-06-01 14:44:08.707591+00:00
30,95,,0,0,0,2017-06-01 12:10:34.378041+00:00
30,93,,0,0,0,2017-06-01 11:43:03.935125+00:00
30,91,,0,0,0,2017-06-01 10:52:27.962008+00:00
20,69,,0,0,0,2017-06-01 10:45:36.468919+00:00
20,93,,0,0,0,2017-06-01 10:44:24.366285+00:00
20,95,,0,0,0,2017-06-01 10:42:19.847748+00:00
20,97,.,0,0,0,2017-06-01 10:36:48.369029+00:00
9,96,"char s[20]=”programming”,*ps=s;   *ps=s是在定义指针变量ps。",0,0,0,2017-06-01 09:15:35.948675+00:00
43,91,？,0,0,0,2017-06-01 09:11:31.751820+00:00
41,91,t【2】是该数组第三行的首地址,0,0,0,2017-06-01 09:09:15.038585+00:00
69,96,,0,0,0,2017-06-01 09:05:37.982315+00:00
43,90,"？
",0,0,0,2017-06-01 09:05:12.827084+00:00
69,95,,0,0,0,2017-06-01 09:03:32.081120+00:00
81,96,,0,0,0,2017-06-01 09:03:15.631947+00:00
84,61,,0,0,0,2017-06-01 09:02:25.612231+00:00
81,94,,0,0,0,2017-06-01 09:02:10.813474+00:00
43,88,不应该是6吗,0,0,0,2017-06-01 09:01:45.068407+00:00
81,93,,0,0,0,2017-06-01 09:01:22.865701+00:00
81,92,,0,0,0,2017-06-01 09:00:59.312878+00:00
69,94,,0,0,0,2017-06-01 09:00:43.018206+00:00
81,91,,0,0,0,2017-06-01 09:00:18.995250+00:00
81,90,,0,0,0,2017-06-01 08:59:29.905550+00:00
43,87,？,0,0,0,2017-06-01 08:58:30.141362+00:00
81,89,,0,0,0,2017-06-01 08:57:58.765255+00:00
81,88,,0,0,0,2017-06-01 08:57:14.092591+00:00
81,86,,0,0,0,2017-06-01 08:54:45.540345+00:00
81,83,,0,0,0,2017-06-01 08:53:14.169985+00:00
81,83,,0,0,0,2017-06-01 08:53:00.777828+00:00
43,82,噢噢知道了,0,0,0,2017-06-01 08:50:37.984164+00:00
81,82,,0,0,0,2017-06-01 08:50:07.070778+00:00
43,82,>是运算符吗,0,0,0,2017-06-01 08:49:18.539329+00:00
81,79,,0,0,0,2017-06-01 08:47:34.546212+00:00
81,78,,0,0,0,2017-06-01 08:46:34.449592+00:00
84,54,,0,0,0,2017-06-01 08:44:22.063439+00:00
81,74,,0,0,0,2017-06-01 08:44:14.638641+00:00
15,91,,0,0,0,2017-06-01 08:44:13.839282+00:00
81,72,,0,0,0,2017-06-01 08:43:29.476193+00:00
69,91,,0,0,0,2017-06-01 08:43:12.850473+00:00
81,97,,0,0,0,2017-06-01 08:41:38.585084+00:00
43,81,插入排序和选择排序？,0,0,0,2017-06-01 08:41:22.647079+00:00
83,85,字符数组的复制要用strcpy()函数，不能这样直接用赋值操作符赋值。,0,0,0,2017-06-01 08:41:00.592070+00:00
60,55,,0,0,0,2017-06-01 08:40:13.496225+00:00
81,69,,0,0,0,2017-06-01 08:39:38.049649+00:00
41,95,"这个大小写不对啊
",0,0,0,2017-06-01 08:39:30.785473+00:00
83,86,拼接，第五个,0,0,0,2017-06-01 08:38:01.858925+00:00
83,87,,0,0,0,2017-06-01 08:37:09.783515+00:00
81,53,,0,0,0,2017-06-01 08:36:35.928106+00:00
83,88,"strlen(c);是计算字符串的有效长度的,数到第一个'\0'结束
\t
v
\\
\0//如果是strlen()的话是数到这里的,这个0符不算的,是计算第一个0符前面有多少个字符,strlen(c)输出3
w
i
l
l
\n
这里有九个字符，输出初始化的时候最后一个后面还要加一个'\0'这样的话，sizeof(c)输出10
",0,0,0,2017-06-01 08:35:53.490441+00:00
18,95,,0,0,0,2017-06-01 08:35:36.815153+00:00
26,94,,0,0,0,2017-06-01 08:35:21.358944+00:00
26,95,  ,0,0,0,2017-06-01 08:34:41.007972+00:00
9,95,"p=""abcd""中""abcd""代表首地址，不是字符串。",0,0,0,2017-06-01 08:32:32.838134+00:00
81,52,"
",0,0,0,2017-06-01 08:31:53.989316+00:00
60,54, ,0,0,0,2017-06-01 08:29:05.908517+00:00
83,88,,0,0,0,2017-06-01 08:25:57.518183+00:00
69,97,,0,0,0,2017-06-01 08:25:46.102316+00:00
39,95,*p='a'就可以了,0,0,0,2017-06-01 08:24:12.293898+00:00
74,96,ps+2 只是一个地址，而不是数值,0,0,0,2017-06-01 08:22:27.881816+00:00
60,53,对于外界来说【if else】是一个语句。。？,0,0,0,2017-06-01 08:21:18.288132+00:00
74,92,题目中 *p=a 是定义的时候赋值，与前一句话相连  所以在题目中*p并不是一个值，而是定义,0,0,0,2017-06-01 08:17:57.955192+00:00
44,96,,0,0,0,2017-06-01 08:17:30.794144+00:00
83,89,,0,0,0,2017-06-01 08:17:20.019107+00:00
83,90,"int a[][4]的写法就是表示，第一维大小没限制，但是第二维数组大小就是4，也就是int a[][4]={{1,2,3,4},{5,6,7,8},{9,10}}，所以是3.",0,0,0,2017-06-01 08:16:37.427149+00:00
84,97,,0,0,0,2017-06-01 08:13:18.877603+00:00
43,77,6错了吗,0,0,0,2017-06-01 08:11:35.683777+00:00
83,90,,0,0,0,2017-06-01 08:11:13.539493+00:00
83,91,,0,0,0,2017-06-01 08:09:27.472165+00:00
8,97, ,0,0,0,2017-06-01 08:04:08.212255+00:00
44,95,忽略大小写是吗,0,0,0,2017-06-01 08:02:03.578039+00:00
49,96,A选项应该错在只指向了o的地址？,0,0,0,2017-06-01 08:02:00.391063+00:00
70,96,,0,0,0,2017-06-01 08:01:43.154267+00:00
44,95,,0,0,0,2017-06-01 08:01:24.981870+00:00
83,93,指针是一个变量的地址，，若有一个变量专门用来存放另一变量的指针，则这个变量为指针变量,0,0,0,2017-06-01 08:00:34.724576+00:00
49,95,C选项是一个野指针，指向了内存中“abcd”的首元素地址，D选项p是首元素地址，不能给首元素地址内赋值“abcd”,0,0,0,2017-06-01 07:59:56.134000+00:00
49,95,,0,0,0,2017-06-01 07:58:02.059814+00:00
57,95,,0,0,0,2017-06-01 07:57:29.672228+00:00
21,95,,0,0,0,2017-06-01 07:57:23.251268+00:00
57,94,,0,0,0,2017-06-01 07:55:46.250894+00:00
57,92,,0,0,0,2017-06-01 07:54:00.406567+00:00
83,94,二维数组，第二行,0,0,0,2017-06-01 07:53:47.165847+00:00
57,90,,0,0,0,2017-06-01 07:52:10.074250+00:00
83,95,忽略大小写,0,0,0,2017-06-01 07:51:52.561733+00:00
83,95,,0,0,0,2017-06-01 07:51:03.949850+00:00
83,96,"ps[2]等同于 *(ps+2) 当ps为指针时，ps[2]等价于s[2]，表示的都是数组中的第3个元素。前者表示指针名称加下标引用元素，而后者表示数组名称加下标来引用元素。
如果ps+=2，*ps  就可代表'o'
",0,0,0,2017-06-01 07:50:06.453922+00:00
21,94,,0,0,0,2017-06-01 07:49:30.750703+00:00
19,92,,0,0,0,2017-06-01 07:49:04.985639+00:00
57,88,,0,0,0,2017-06-01 07:48:50.913135+00:00
49,92,*p是指第一个元素的值，a是地址,0,0,0,2017-06-01 07:48:26.493290+00:00
21,93,,0,0,0,2017-06-01 07:48:10.867305+00:00
21,92,,0,0,0,2017-06-01 07:46:46.192426+00:00
57,86,,0,0,0,2017-06-01 07:46:43.995966+00:00
49,92,,0,0,0,2017-06-01 07:45:54.622862+00:00
19,91,?,0,0,0,2017-06-01 07:45:52.112271+00:00
57,85,,0,0,0,2017-06-01 07:45:15.929991+00:00
31,96,"。
",0,0,0,2017-06-01 07:45:12.441074+00:00
70,95,,0,0,0,2017-06-01 07:44:25.515802+00:00
48,95,"A,B选项中,对于数组而言,有三种赋值方式,1.在定义的时候赋值（初始化） 2.用for语句,对数组元素一个一个地赋值 3.使用指针,如C
D选项中,错在多了一个“*”,“abcd”赋值给p是将“abcd”的首地址赋给p指针",0,0,0,2017-06-01 07:44:11.671738+00:00
38,95,,0,0,0,2017-06-01 07:43:52.065191+00:00
57,84,,0,0,0,2017-06-01 07:43:39.668014+00:00
31,95,老师说忽略大小写,0,0,0,2017-06-01 07:43:32.127034+00:00
44,92,"为什么不能够表示呀
",0,0,0,2017-06-01 07:42:52.620001+00:00
83,97,指针不能做乘法和除法运算，，但可以和一个整数相加，且由于它们都是同一类的指针，可以相互赋值，但不能把其中一个的地址赋给另一个，,0,0,0,2017-06-01 07:42:50.623822+00:00
44,92,,0,0,0,2017-06-01 07:42:29.682450+00:00
70,94,,0,0,0,2017-06-01 07:42:06.561354+00:00
57,96,,0,0,0,2017-06-01 07:41:43.735062+00:00
19,94,.,0,0,0,2017-06-01 07:41:20.781819+00:00
48,95,有哪位大佬能解释一下吗QAQ,0,0,0,2017-06-01 07:41:15.865707+00:00
70,93,,0,0,0,2017-06-01 07:41:05.875976+00:00
73,95,没有正确答案吧？,0,0,0,2017-06-01 07:40:58.310608+00:00
57,97,,0,0,0,2017-06-01 07:40:07.291734+00:00
48,94,为什么puts后面alp的前面没有*呢？,0,0,0,2017-06-01 07:40:01.648927+00:00
58,95,,0,0,0,2017-06-01 07:39:59.228684+00:00
19,95,.,0,0,0,2017-06-01 07:39:37.536379+00:00
39,95,"？
",0,0,0,2017-06-01 07:39:14.053193+00:00
70,92,,0,0,0,2017-06-01 07:39:06.928456+00:00
31,95,"??????
",0,0,0,2017-06-01 07:38:42.018178+00:00
44,97,"没懂，以及看起来嘴不对的果然又是对的。。
",0,0,0,2017-06-01 07:38:38.557310+00:00
21,91,,0,0,0,2017-06-01 07:38:27.435065+00:00
67,91,,0,0,0,2017-06-01 07:38:10.430854+00:00
45,92,??D错在哪,0,0,0,2017-06-01 07:37:59.482028+00:00
44,97,,0,0,0,2017-06-01 07:37:48.361739+00:00
44,91,,0,0,0,2017-06-01 07:36:52.829750+00:00
74,97,,0,0,0,2017-06-01 07:36:48.875403+00:00
39,93,"标识符是啥玩意啊
",0,0,0,2017-06-01 07:36:33.207278+00:00
67,92,,0,0,0,2017-06-01 07:36:32.516471+00:00
83,97,??,0,0,0,2017-06-01 07:36:26.292197+00:00
59,97,OTL,0,0,0,2017-06-01 07:36:06.505242+00:00
39,93,,0,0,0,2017-06-01 07:36:02.642656+00:00
19,96,.,0,0,0,2017-06-01 07:35:40.511314+00:00
31,91,"???
",0,0,0,2017-06-01 07:35:31.889834+00:00
69,97,,0,0,0,2017-06-01 07:34:39.141365+00:00
56,91,"为什么A是错的呀
",0,0,0,2017-06-01 07:34:37.617503+00:00
48,91,那个Ya同学太厉害了！,0,0,0,2017-06-01 07:34:10.418708+00:00
67,95,,0,0,0,2017-06-01 07:34:06.547332+00:00
48,91,为什么其他选项是错的啊？,0,0,0,2017-06-01 07:33:15.680221+00:00
79,96,,0,0,0,2017-06-01 07:33:04.320082+00:00
67,96,,0,0,0,2017-06-01 07:32:39.629371+00:00
70,91,,0,0,0,2017-06-01 07:30:15.734294+00:00
71,94,输出一行吗？,0,0,0,2017-06-01 07:29:16.625949+00:00
71,95, P是从哪里来的？不是说C语言也是对大小写字母敏感的吗？,0,0,0,2017-06-01 07:28:21.841088+00:00
19,97,?,0,0,0,2017-06-01 07:27:29.617037+00:00
21,96,,0,0,0,2017-06-01 07:27:06.957065+00:00
79,88,,0,0,0,2017-06-01 07:26:40.666462+00:00
71,96,用*（ps）[2]可以吗？ ,0,0,0,2017-06-01 07:24:19.818392+00:00
11,91,Z???,0,0,0,2017-06-01 07:22:02.130120+00:00
21,97,,0,0,0,2017-06-01 07:21:54.112006+00:00
36,95, ,0,0,0,2017-06-01 06:29:11.326727+00:00
36,91, ,0,0,0,2017-06-01 05:39:04.332171+00:00
63,92, ,0,0,0,2017-06-01 05:35:42.715654+00:00
63,91, ,0,0,0,2017-06-01 05:34:14.030182+00:00
74,94,,0,0,0,2017-06-01 04:55:33.312995+00:00
74,92,,0,0,0,2017-06-01 04:54:38.573781+00:00
74,91,,0,0,0,2017-06-01 04:52:10.634536+00:00
74,95,"
",0,0,0,2017-06-01 04:50:10.165592+00:00
74,96,？,0,0,0,2017-06-01 04:47:07.597774+00:00
53,95,求解答,0,0,0,2017-05-31 12:42:32.776956+00:00
25,95,,0,0,0,2017-05-31 08:40:33.550952+00:00
25,94,,0,0,0,2017-05-31 08:07:32.250213+00:00
25,96,,0,0,0,2017-05-31 07:44:53.146481+00:00
13,95, ,0,0,0,2017-05-30 09:44:57.295151+00:00
73,92,*p++ :p+1后取该指针所表示的位置,0,0,0,2017-05-30 04:54:41.798328+00:00
73,92,？,0,0,0,2017-05-30 04:50:14.043089+00:00
73,91,"？
",0,0,0,2017-05-30 04:47:55.378214+00:00
33,86,,0,0,0,2017-05-30 02:23:19.260499+00:00
33,88,,0,0,0,2017-05-30 02:10:49.966511+00:00
33,91,,0,0,0,2017-05-30 02:04:44.375125+00:00
33,92,,0,0,0,2017-05-30 02:03:16.859445+00:00
33,84,,0,0,0,2017-05-30 01:56:03.663989+00:00
33,81,,0,0,0,2017-05-30 01:52:36.254184+00:00
33,94,,0,0,0,2017-05-30 01:47:51.928508+00:00
25,92,"为什么不能表示呢？
",0,0,0,2017-05-28 09:50:32.467488+00:00
25,92,,0,0,0,2017-05-28 09:49:27.754992+00:00
25,91,,0,0,0,2017-05-28 09:46:18.831872+00:00
13,91,  ,0,0,0,2017-05-27 13:30:10.491670+00:00
51,91,A越界 B越界 C多了一个&，如果要用&就要有两个[]  D实际上表示&t[2][0],0,0,0,2017-05-26 12:41:06.446103+00:00
51,91,,0,0,0,2017-05-26 12:36:34.965706+00:00
39,89,"??
",0,0,0,2017-05-25 09:31:14.376169+00:00
69,88,,0,0,0,2017-05-25 09:11:41.157369+00:00
69,88,,0,0,0,2017-05-25 09:11:06.871380+00:00
69,83,,0,0,0,2017-05-25 08:58:26.872468+00:00
39,76,1,0,0,0,2017-05-25 08:56:39.217765+00:00
69,81,,0,0,0,2017-05-25 08:53:48.492667+00:00
8,86, ,0,0,0,2017-05-25 08:49:30.169012+00:00
30,89,,0,0,0,2017-05-25 08:44:13.231987+00:00
69,79,,0,0,0,2017-05-25 08:35:02.918136+00:00
69,79,,0,0,0,2017-05-25 08:35:01.850574+00:00
30,86,,0,0,0,2017-05-25 08:34:58.878332+00:00
69,77,,0,0,0,2017-05-25 08:32:48.830706+00:00
30,83,,0,0,0,2017-05-25 08:28:49.051301+00:00
69,76,,0,0,0,2017-05-25 08:23:53.371498+00:00
15,81,,0,0,0,2017-05-25 08:20:56.663909+00:00
30,81,这个执行后不是42310吗……可以排序吗？,0,0,0,2017-05-25 08:19:38.760825+00:00
70,88,,0,0,0,2017-05-25 08:19:26.765672+00:00
38,89,,0,0,0,2017-05-25 08:17:59.135032+00:00
30,81,,0,0,0,2017-05-25 08:11:11.799911+00:00
84,71,"?
",0,0,0,2017-05-25 08:08:50.103018+00:00
59,88,？？？,0,0,0,2017-05-25 08:07:16.261127+00:00
70,85,,0,0,0,2017-05-25 08:05:44.134704+00:00
21,84,,0,0,0,2017-05-25 08:05:22.240533+00:00
84,75,,0,0,0,2017-05-25 08:05:06.251258+00:00
36,88," 

",0,0,0,2017-05-25 08:01:17.319187+00:00
21,89,如果对部分元素赋初值，定义数组时第一维的长度和第二维的长度都要指定，对全部元素赋初值，第二维的长度不能省，第一维的长度可以不指定,0,0,0,2017-05-25 07:59:30.798460+00:00
36,86," 
",0,0,0,2017-05-25 07:59:27.284814+00:00
38,88,,0,0,0,2017-05-25 07:56:48.156357+00:00
38,86,,0,0,0,2017-05-25 07:55:11.632703+00:00
70,90,,0,0,0,2017-05-25 07:54:53.146680+00:00
21,88,,0,0,0,2017-05-25 07:54:07.352294+00:00
38,83,,0,0,0,2017-05-25 07:53:09.279178+00:00
38,79,,0,0,0,2017-05-25 07:52:25.446995+00:00
30,76,,0,0,0,2017-05-25 07:51:57.969970+00:00
44,89, 这道题的 a 为什么不对呀，不能只规定行数不规定有多少个数吗？,0,0,0,2017-05-25 07:51:46.793962+00:00
71,84,只要你输入一个ASCII字符上的符号对应的数值，最后在输出的时候用%c就可以把字符输出。,0,0,0,2017-05-25 07:51:04.932663+00:00
44,89,,0,0,0,2017-05-25 07:50:42.916301+00:00
45,88,,0,0,0,2017-05-25 07:50:37.294243+00:00
71,84,l,0,0,0,2017-05-25 07:49:35.928933+00:00
30,90,,0,0,0,2017-05-25 07:46:56.036024+00:00
30,90,,0,0,0,2017-05-25 07:46:31.485765+00:00
49,86,a[4表示数组中的第5个数],0,0,0,2017-05-25 07:46:29.209203+00:00
74,86, ,0,0,0,2017-05-25 07:45:36.221337+00:00
44,87,,0,0,0,2017-05-25 07:44:49.053482+00:00
15,82,,0,0,0,2017-05-25 07:44:22.278511+00:00
74,88,"c[] 中的第四个字符 '\0' , 这是c中默认的字符串结束标志，也就是，遇到'\0', 就认为字符串结束了，所以数字符的时候只能数3个，",0,0,0,2017-05-25 07:44:15.610878+00:00
49,85,整体赋值出错,0,0,0,2017-05-25 07:44:00.202014+00:00
80,88,,0,0,0,2017-05-25 07:43:49.266859+00:00
49,85,,0,0,0,2017-05-25 07:43:32.747592+00:00
15,88,计算长度不包括‘\0’在内，只计算在‘\0’前面的长度，因此是3。,0,0,0,2017-05-25 07:43:23.463411+00:00
15,88,,0,0,0,2017-05-25 07:41:59.684733+00:00
21,89,,0,0,0,2017-05-25 07:41:51.056187+00:00
71,86,为什么是e?,0,0,0,2017-05-25 07:41:31.980404+00:00
44,85,,0,0,0,2017-05-25 07:38:12.473331+00:00
73,89,A和B哪一个对呢,0,0,0,2017-05-25 07:36:16.584246+00:00
71,88,\0不算在长度里面吗？,0,0,0,2017-05-25 07:34:45.156471+00:00
55,82,,0,0,0,2017-05-25 07:34:04.701151+00:00
73,88,\\算一个字符,0,0,0,2017-05-25 07:34:01.214575+00:00
19,88,?,0,0,0,2017-05-25 07:33:56.057584+00:00
21,90,,0,0,0,2017-05-25 07:25:17.342079+00:00
74,88,,0,0,0,2017-05-25 07:24:49.462265+00:00
11,88,%d,0,0,0,2017-05-25 07:24:45.143216+00:00
73,84,求解释,0,0,0,2017-05-25 07:24:21.865003+00:00
67,90,,0,0,0,2017-05-25 07:22:29.879227+00:00
60,51,忘记了,0,0,0,2017-05-25 05:42:21.203971+00:00
60,49,"啊没有break
",0,0,0,2017-05-25 05:37:42.981187+00:00
60,49,为什么有**3**啊,0,0,0,2017-05-25 05:37:20.133746+00:00
60,48,"==
default怎么都要出现的",0,0,0,2017-05-25 05:27:59.827834+00:00
60,45,"判断相等关系要用两个等号“==”
单个等号表示赋值",0,0,0,2017-05-25 05:23:41.460392+00:00
46,89,"int a[ ][3]={{1,0,1},{ },{1,1}}; 
为什么错了？
",0,0,0,2017-05-24 13:04:23.347585+00:00
51,88,之前的转义字符\什么都只算一个字符,0,0,0,2017-05-23 15:27:02.353239+00:00
51,88,\0停止 且不算,0,0,0,2017-05-23 15:26:36.262000+00:00
18,88,为什么是3呢？,0,0,0,2017-05-23 08:43:01.826783+00:00
19,86,?,0,0,0,2017-05-22 15:23:05.763444+00:00
13,86,  ,0,0,0,2017-05-22 14:55:19.341601+00:00
4,87,This is my comment,0,0,0,2017-05-22 10:44:01.236551+00:00
74,84,,0,0,0,2017-05-21 03:18:44.978649+00:00
74,85,不能整体赋值,0,0,0,2017-05-21 03:02:06.439015+00:00
31,81,?,0,0,0,2017-05-20 06:09:42.521176+00:00
31,78,"???
",0,0,0,2017-05-20 06:04:54.757955+00:00
31,77,7??,0,0,0,2017-05-20 06:02:57.572613+00:00
51,82,,0,0,0,2017-05-19 14:58:32.266856+00:00
51,83,"a,b已经是数组的地址名了，就没有必要再用取地址符",0,0,0,2017-05-19 14:55:49.510795+00:00
13,83,  ,0,0,0,2017-05-18 12:44:47.481437+00:00
13,81,"  
",0,0,0,2017-05-18 12:38:53.944434+00:00
41,79,为什么是出错啊？,0,0,0,2017-05-18 11:26:46.627643+00:00
41,83,这不对吧，怎么可能只有一个引号？,0,0,0,2017-05-18 11:13:10.143198+00:00
36,81,请问插入排序和选择排序的不同,0,0,0,2017-05-18 11:07:37.328172+00:00
36,81, ,0,0,0,2017-05-18 11:06:41.713640+00:00
36,83, ,0,0,0,2017-05-18 10:43:08.927461+00:00
21,64,,0,0,0,2017-05-18 09:43:25.285199+00:00
21,63,,0,0,0,2017-05-18 09:41:00.183400+00:00
21,62,,0,0,0,2017-05-18 09:38:31.569140+00:00
21,65,,0,0,0,2017-05-18 09:37:43.927858+00:00
21,66,,0,0,0,2017-05-18 09:36:42.444898+00:00
21,67,,0,0,0,2017-05-18 09:33:51.854458+00:00
21,68,,0,0,0,2017-05-18 09:29:07.900373+00:00
21,69,,0,0,0,2017-05-18 09:28:30.434560+00:00
21,70,,0,0,0,2017-05-18 09:23:43.806575+00:00
21,72,,0,0,0,2017-05-18 09:20:28.186438+00:00
21,74,,0,0,0,2017-05-18 09:18:36.091387+00:00
21,75,,0,0,0,2017-05-18 09:17:45.713280+00:00
21,77,,0,0,0,2017-05-18 09:13:51.865810+00:00
21,78,,0,0,0,2017-05-18 09:11:50.202859+00:00
21,79,,0,0,0,2017-05-18 09:10:51.928282+00:00
21,81,,0,0,0,2017-05-18 09:08:30.573491+00:00
38,78,,0,0,0,2017-05-18 09:08:23.181346+00:00
83,76,"char s[5]={'a','b','c','d','e'}; 是对的char s[5]=""abcde""的时候,s[5]只能存储4个字符，此时发生了溢出，后面的被认为是字符串，所以会以‘\0’结尾占一个字符，共6个字符；但是char s[5]={'a','b','c','d','e'};每个字母是一个字符，也就是5个字符 ",0,0,0,2017-05-18 09:07:06.753690+00:00
33,82,,0,0,0,2017-05-18 09:04:19.994669+00:00
21,83,,0,0,0,2017-05-18 09:02:54.419445+00:00
83,76,,0,0,0,2017-05-18 09:01:18.693641+00:00
83,77,不明白，%d可以用来输出a[0]吗,0,0,0,2017-05-18 09:00:30.861116+00:00
71,76,最后的0也算在长度里面吗？,0,0,0,2017-05-18 08:59:45.900552+00:00
73,81,为什么是插入排序呢？,0,0,0,2017-05-18 08:59:07.372673+00:00
83,78,"没有0结束符的不是串，题中y数组内容就不是串，只是个数组而已
x 是数组 x的内容同时也是串(系统自动添加了0结束符)
y是数组 但y的内容不是串 即然不是串也就不存在串长的说法",0,0,0,2017-05-18 08:58:17.627285+00:00
71,76,哼,0,0,0,2017-05-18 08:57:55.308641+00:00
84,15,,0,0,0,2017-05-18 08:57:30.507575+00:00
22,83,,0,0,0,2017-05-18 08:55:21.958477+00:00
71,79,为什么程序会出错？,0,0,0,2017-05-18 08:55:03.800700+00:00
38,81,,0,0,0,2017-05-18 08:54:56.483209+00:00
83,78,,0,0,0,2017-05-18 08:54:07.580668+00:00
33,76,,0,0,0,2017-05-18 08:53:35.064797+00:00
74,76,是因为超出长度了吗？,0,0,0,2017-05-18 08:52:51.020518+00:00
83,79,"不过，如果想把b的数组给a应该strcpy(a,b)",0,0,0,2017-05-18 08:51:48.567275+00:00
74,77,"7行不也有错吗？
",0,0,0,2017-05-18 08:51:30.301073+00:00
38,82,,0,0,0,2017-05-18 08:50:53.116870+00:00
83,79,不可以这样直接赋值,0,0,0,2017-05-18 08:49:18.665275+00:00
18,81,,0,0,0,2017-05-18 08:49:14.773940+00:00
15,78,,0,0,0,2017-05-18 08:48:33.471148+00:00
16,81,"一、选择排序原理：将初始序列(A[0]~A[n-1])作为待排序序列，第一趟在待排序序列(A[0]~A[n-1])中找到最小值元素，将其与第一个元素A[0]交换，这样子序列(A[0])已经有序，下一趟在排序在待排序子序列(A[1]~A[n-1])中进行。第i趟排序在待排序子序列(A[i-1]~A[n-1])中找到最小值元素，与该子序列中第一个元素A[i-1]交换。经过 n-1 趟排序后使得初始序列有序。
二、插入排序原理：将初始序列中的第一个元素作为一个有序序列，然后将剩下的 n-1 个元素按关键字大小依次插入该有序序列，每插入一个元素后依然保持该序列有序，经过 n-1 趟排序后使初始序列有序。",0,0,0,2017-05-18 08:47:27.639158+00:00
83,81,这道题目少符号吧,0,0,0,2017-05-18 08:47:24.584829+00:00
18,81,什么是插入排序？,0,0,0,2017-05-18 08:47:19.945127+00:00
15,77,,0,0,0,2017-05-18 08:47:14.905841+00:00
38,76,,0,0,0,2017-05-18 08:47:14.718756+00:00
71,81,什么是选择排序？什么是插入排序？,0,0,0,2017-05-18 08:46:30.070584+00:00
15,76,,0,0,0,2017-05-18 08:45:12.455543+00:00
83,82,注意括号的位置、运算顺序,0,0,0,2017-05-18 08:44:27.344130+00:00
19,83,0,0,0,0,2017-05-18 08:44:01.934367+00:00
33,69,,0,0,0,2017-05-18 08:43:11.794708+00:00
15,75,,0,0,0,2017-05-18 08:43:07.857819+00:00
74,79,为什么不会超出输出？,0,0,0,2017-05-18 08:42:51.072577+00:00
15,83,,0,0,0,2017-05-18 08:41:18.278147+00:00
68,81,,0,0,0,2017-05-18 08:39:04.935262+00:00
19,77,0,0,0,0,2017-05-18 08:38:53.286475+00:00
68,79,,0,0,0,2017-05-18 08:35:42.915659+00:00
19,81,请问选择排序和插入排序分别是什么意思啊？,0,0,0,2017-05-18 08:35:33.630237+00:00
68,78,,0,0,0,2017-05-18 08:34:46.089189+00:00
68,76,,0,0,0,2017-05-18 08:33:04.989437+00:00
74,81,"插入排序和选择排序有什么不同？
",0,0,0,2017-05-18 08:32:56.041781+00:00
8,81, ,0,0,0,2017-05-18 08:31:02.902450+00:00
59,83,c的双引号少了一半……不服,0,0,0,2017-05-18 08:29:06.139407+00:00
8,78, ,0,0,0,2017-05-18 08:28:53.219145+00:00
70,76,,0,0,0,2017-05-18 08:27:25.760140+00:00
52,78,对于y的定义，难道不是说后面会自己补充上‘\0’吗？,0,0,0,2017-05-18 08:25:28.675676+00:00
74,83,c选项不是少一个引号吗 ,0,0,0,2017-05-18 08:23:57.077739+00:00
52,76,"这道题A为什么是对的，D为什么是错的？
",0,0,0,2017-05-18 08:19:52.514377+00:00
66,79,a b为地址名，不能赋值,0,0,0,2017-05-18 08:17:41.193624+00:00
66,76,why,0,0,0,2017-05-18 08:15:13.377284+00:00
49,77,,0,0,0,2017-05-18 08:12:53.536355+00:00
66,82,"取余的函数定义 a%b = a - (a/b)*b

第二个0%5=0才对吧!",0,0,0,2017-05-18 08:12:31.153890+00:00
49,76,,0,0,0,2017-05-18 08:11:21.569916+00:00
66,83,a、b数组名本身就代表地址，所以不需要地址符&,0,0,0,2017-05-18 08:01:05.408189+00:00
66,83,gets函数只能输入一个字符串，gets（a），a为数组名，而不能是把要输的字符装进去咯,0,0,0,2017-05-18 08:00:20.853823+00:00
44,82,啊我明白了,0,0,0,2017-05-18 07:56:58.054540+00:00
44,82,第一个-4怎么算的,0,0,0,2017-05-18 07:56:30.749642+00:00
44,81,,0,0,0,2017-05-18 07:54:19.987019+00:00
57,81,,0,0,0,2017-05-18 07:39:00.987710+00:00
70,81,,0,0,0,2017-05-18 07:36:18.791188+00:00
57,79,,0,0,0,2017-05-18 07:34:22.697931+00:00
11,81,"http://blog.csdn.net/hijiankang/article/details/9207735
解释了这些名词",0,0,0,2017-05-18 07:33:17.035898+00:00
44,79,有点晕,0,0,0,2017-05-18 07:31:47.565999+00:00
44,79,,0,0,0,2017-05-18 07:31:34.473428+00:00
11,81,.,0,0,0,2017-05-18 07:31:16.835428+00:00
57,76,,0,0,0,2017-05-18 07:27:40.754191+00:00
11,79,...,0,0,0,2017-05-18 07:27:04.512203+00:00
73,79,"为什么会出错呢
",0,0,0,2017-05-18 07:26:59.165535+00:00
79,83,,0,0,0,2017-05-18 07:26:51.950803+00:00
57,83,,0,0,0,2017-05-18 07:26:19.241238+00:00
70,83,,0,0,0,2017-05-18 07:26:14.860479+00:00
49,83,"题目错了=_=分明是两个字符串吧！
而且还少打了引号",0,0,0,2017-05-18 07:25:39.825377+00:00
43,83,字符数不用地址符？,0,0,0,2017-05-18 07:25:04.662934+00:00
11,83,"...
",0,0,0,2017-05-18 07:24:31.458255+00:00
49,83,,0,0,0,2017-05-18 07:24:30.514565+00:00
44,83,"引号是少打了？
",0,0,0,2017-05-18 07:22:59.657797+00:00
44,83,,0,0,0,2017-05-18 07:22:49.515897+00:00
44,76,,0,0,0,2017-05-18 07:22:04.850173+00:00
31,83,这是为什么。。。,0,0,0,2017-05-18 07:21:58.518429+00:00
73,77,,0,0,0,2017-05-18 07:20:25.414244+00:00
8,76, ,0,0,0,2017-05-18 07:19:01.763564+00:00
73,77,7也有错，缺了）,0,0,0,2017-05-18 06:30:11.918223+00:00
56,77,7不是少了一个括号吗？,0,0,0,2017-05-18 06:21:37.523290+00:00
63,79,  ,0,0,0,2017-05-18 05:29:12.344276+00:00
63,78,  ,0,0,0,2017-05-18 05:27:00.723648+00:00
63,77,  ,0,0,0,2017-05-18 05:26:02.447871+00:00
63,76,  ,0,0,0,2017-05-18 05:24:59.945450+00:00
87,81,1,0,0,0,2017-05-17 04:02:24.870077+00:00
87,76,1,0,0,0,2017-05-17 03:57:09.131157+00:00
51,81,插入排序和选择排序是什么意思,0,0,0,2017-05-16 12:09:08.921461+00:00
51,76,,0,0,0,2017-05-13 14:20:22.088838+00:00
48,69,"题目有问题，无正确选项？
",0,0,0,2017-05-13 03:43:13.986547+00:00
44,71,,0,0,0,2017-05-11 09:11:46.043964+00:00
44,69,为什么运行到a=14还继续运行了呀,0,0,0,2017-05-11 09:10:41.684946+00:00
44,69,,0,0,0,2017-05-11 09:10:21.400857+00:00
83,72,,0,0,0,2017-05-11 09:09:02.011380+00:00
83,72,,0,0,0,2017-05-11 09:08:58.501229+00:00
41,68,"回复那个问区别的，因为x<30,当他是29的时候，如果他是兔子，腿就超了。
",0,0,0,2017-05-11 09:07:29.425949+00:00
41,68,"回复那个问区别的，因为x<30,当他是29的时候，如果他是兔子，腿就超了。
",0,0,0,2017-05-11 09:07:27.841028+00:00
41,68,,0,0,0,2017-05-11 09:04:34.521033+00:00
22,75,,0,0,0,2017-05-11 09:03:13.600529+00:00
68,74,???,0,0,0,2017-05-11 09:01:37.622732+00:00
68,73,,0,0,0,2017-05-11 09:01:08.062579+00:00
68,72,,0,0,0,2017-05-11 08:59:12.362214+00:00
44,66,"
",0,0,0,2017-05-11 08:59:06.869020+00:00
83,64,,0,0,0,2017-05-11 08:58:26.386150+00:00
68,71,,0,0,0,2017-05-11 08:58:21.335110+00:00
68,70,是不是理解成  不能随便什么类型的表达式都可以作下标,0,0,0,2017-05-11 08:57:24.232853+00:00
68,70,,0,0,0,2017-05-11 08:56:23.570176+00:00
68,69,,0,0,0,2017-05-11 08:52:50.163482+00:00
8,71, ,0,0,0,2017-05-11 08:42:42.282851+00:00
83,69,,0,0,0,2017-05-11 08:39:00.182094+00:00
44,64,"中间那个x++执行两次？
",0,0,0,2017-05-11 08:37:42.003656+00:00
8,69, ,0,0,0,2017-05-11 08:36:18.050289+00:00
87,75,1,0,0,0,2017-05-11 08:29:45.535124+00:00
83,74,,0,0,0,2017-05-11 08:29:34.026717+00:00
87,67,i=11为什么不运行,0,0,0,2017-05-11 08:23:20.553007+00:00
83,75,,0,0,0,2017-05-11 08:20:33.013493+00:00
87,66,为什么K=4而不是3,0,0,0,2017-05-11 08:14:54.622083+00:00
87,66,1,0,0,0,2017-05-11 08:13:21.745497+00:00
8,67, ,0,0,0,2017-05-11 08:10:14.801943+00:00
87,64,1,0,0,0,2017-05-11 08:05:57.143788+00:00
69,69,,0,0,0,2017-05-11 08:05:19.535213+00:00
8,75, ,0,0,0,2017-05-11 08:04:15.092879+00:00
38,71,,0,0,0,2017-05-11 07:59:41.999810+00:00
38,70,,0,0,0,2017-05-11 07:58:37.155574+00:00
57,70,,0,0,0,2017-05-11 07:56:08.343785+00:00
67,75,,0,0,0,2017-05-11 07:54:23.586527+00:00
46,70,任何形式的表达式都不能做引用数组元素的下标吗?,0,0,0,2017-05-11 07:54:08.234415+00:00
74,70,,0,0,0,2017-05-11 07:49:33.287440+00:00
43,66,？,0,0,0,2017-05-11 07:49:20.924323+00:00
57,68,,0,0,0,2017-05-11 07:48:50.352673+00:00
38,67,,0,0,0,2017-05-11 07:48:09.255657+00:00
57,75,,0,0,0,2017-05-11 07:45:44.627696+00:00
31,72,?/??,0,0,0,2017-05-11 07:45:35.621208+00:00
36,71, ,0,0,0,2017-05-11 07:44:58.594473+00:00
79,75,,0,0,0,2017-05-11 07:35:58.175187+00:00
87,52,1,0,0,0,2017-05-11 07:35:28.162820+00:00
87,51,1,0,0,0,2017-05-11 07:33:21.069893+00:00
18,69,,0,0,0,2017-05-11 07:30:40.224871+00:00
87,49,1,0,0,0,2017-05-11 07:30:05.280962+00:00
35,75,,0,0,0,2017-05-11 07:29:41.333676+00:00
87,48,1,0,0,0,2017-05-11 07:28:40.259524+00:00
30,71,,0,0,0,2017-05-11 07:27:41.209654+00:00
87,44,1,0,0,0,2017-05-11 07:26:48.392735+00:00
11,75,..,0,0,0,2017-05-11 07:22:51.222388+00:00
66,20,,0,0,0,2017-05-11 07:06:19.151753+00:00
30,66,,0,0,0,2017-05-11 07:02:16.685128+00:00
30,65,,0,0,0,2017-05-11 06:59:09.933352+00:00
67,68,,0,0,0,2017-05-11 06:08:49.775985+00:00
63,69,"

",0,0,0,2017-05-11 06:05:45.133414+00:00
63,66,"
",0,0,0,2017-05-11 05:59:33.804229+00:00
67,71,,0,0,0,2017-05-11 05:58:07.534206+00:00
66,71,,0,0,0,2017-05-11 05:55:54.606179+00:00
63,64,"
",0,0,0,2017-05-11 05:48:11.419254+00:00
63,63,"
",0,0,0,2017-05-11 05:44:35.425683+00:00
63,61,,0,0,0,2017-05-11 05:38:37.316134+00:00
63,74,  ,0,0,0,2017-05-11 05:36:03.935768+00:00
4,74,,0,0,0,2017-05-10 10:43:13.430861+00:00
49,64,,0,0,0,2017-05-09 10:29:11.292135+00:00
49,61,b=-1比较完错误后还要再自－！,0,0,0,2017-05-09 10:19:55.665929+00:00
49,54,"(!(a==0),f!=0&&c=='A'))逻辑值为0
",0,0,0,2017-05-09 09:55:58.798946+00:00
49,52,--x是先赋值后使用变量，x--是先使用变量后赋值,0,0,0,2017-05-09 09:24:38.894765+00:00
49,52,,0,0,0,2017-05-09 09:22:58.327328+00:00
49,51,,0,0,0,2017-05-09 09:11:05.490949+00:00
15,67,11不是我一个人？,0,0,0,2017-05-08 13:20:30.027492+00:00
15,67,,0,0,0,2017-05-08 13:03:15.331443+00:00
15,69,,0,0,0,2017-05-08 13:00:04.176743+00:00
15,66,,0,0,0,2017-05-08 12:47:20.387958+00:00
54,69,？,0,0,0,2017-05-08 12:20:28.160569+00:00
13,71,  ,0,0,0,2017-05-07 10:30:10.912138+00:00
56,68,想问2*x+4*y==90和4*x+2*y==90有什么区别,0,0,0,2017-05-05 11:53:52.995790+00:00
25,68,,0,0,0,2017-05-04 09:55:01.526714+00:00
51,65,A和D有什么区别？,0,0,0,2017-05-04 09:38:14.067187+00:00
51,66,判断时i就被赋予了k-1的值,0,0,0,2017-05-04 09:36:27.263603+00:00
51,66,,0,0,0,2017-05-04 09:35:53.505906+00:00
51,61,,0,0,0,2017-05-04 09:32:52.551408+00:00
79,65,,0,0,0,2017-05-04 08:59:34.936330+00:00
67,65,,0,0,0,2017-05-04 06:38:28.230036+00:00
69,67,,0,0,0,2017-05-04 05:58:00.889242+00:00
74,28,,0,0,0,2017-05-04 05:57:49.842362+00:00
74,27,,0,0,0,2017-05-04 05:57:13.522271+00:00
30,29,,0,0,0,2017-05-04 05:43:25.428833+00:00
74,26,,0,0,0,2017-05-04 05:32:00.477283+00:00
74,8, ,0,0,0,2017-05-04 05:28:45.183450+00:00
74,24, ,0,0,0,2017-05-04 05:27:34.601009+00:00
74,23, ,0,0,0,2017-05-04 05:16:20.882979+00:00
74,22, ,0,0,0,2017-05-04 05:15:37.232121+00:00
74,21, ,0,0,0,2017-05-04 05:13:46.529582+00:00
74,19,d选项 是0x错了吗？因为0x就只是十六进制的标识符。C选项的确是0668错了,0,0,0,2017-05-04 05:12:41.284694+00:00
74,19, ,0,0,0,2017-05-04 05:10:35.583090+00:00
74,18, ,0,0,0,2017-05-04 05:06:40.614900+00:00
74,17, ,0,0,0,2017-05-04 05:05:37.680233+00:00
74,16, ,0,0,0,2017-05-04 05:05:26.779324+00:00
46,61,b为什么是-2,0,0,0,2017-05-04 05:02:18.324515+00:00
70,66,,0,0,0,2017-05-04 04:48:09.874938+00:00
70,65,,0,0,0,2017-05-04 04:41:25.799786+00:00
70,62,,0,0,0,2017-05-04 04:30:00.840858+00:00
45,32,A C错在哪,0,0,0,2017-05-04 04:26:54.497477+00:00
70,61,,0,0,0,2017-05-04 04:18:13.388900+00:00
70,60,,0,0,0,2017-05-04 04:11:41.292759+00:00
57,65,,0,0,0,2017-05-04 04:01:48.368281+00:00
70,67,,0,0,0,2017-05-04 04:00:36.905383+00:00
43,67,11,0,0,0,2017-05-04 03:55:48.506556+00:00
57,64,,0,0,0,2017-05-04 03:51:02.596518+00:00
22,67,,0,0,0,2017-05-04 00:56:28.017768+00:00
46,65,BD选项有区别吗...,0,0,0,2017-05-03 17:17:49.328877+00:00
57,67,,0,0,0,2017-05-03 15:56:16.013433+00:00
56,57,原来是while后边没有大括号,0,0,0,2017-05-03 15:14:37.807898+00:00
56,56,"不是很懂！x是什么意思
",0,0,0,2017-05-03 15:12:07.237944+00:00
18,52,,0,0,0,2017-05-03 15:11:06.744112+00:00
57,54,,0,0,0,2017-05-03 15:00:31.469283+00:00
57,32,,0,0,0,2017-05-03 14:42:19.358752+00:00
18,19,,0,0,0,2017-05-03 14:30:41.845477+00:00
18,20,,0,0,0,2017-05-03 14:27:55.478595+00:00
18,14,,0,0,0,2017-05-03 14:25:13.909308+00:00
36,24," 
",0,0,0,2017-05-03 14:24:20.052369+00:00
57,16,,0,0,0,2017-05-03 14:07:41.832014+00:00
18,67,,0,0,0,2017-05-03 13:57:56.134652+00:00
33,66,,0,0,0,2017-05-03 13:46:29.149039+00:00
87,42,,0,0,0,2017-05-03 13:30:15.816528+00:00
87,42,1,0,0,0,2017-05-03 13:30:13.718191+00:00
33,65,,0,0,0,2017-05-03 13:29:36.921044+00:00
87,36,"1
",0,0,0,2017-05-03 13:24:00.046490+00:00
33,64,,0,0,0,2017-05-03 13:21:11.764467+00:00
87,33,"1
",0,0,0,2017-05-03 13:20:15.134278+00:00
74,62,switch里可以用continue吗？,0,0,0,2017-05-03 13:14:56.038320+00:00
87,30,1,0,0,0,2017-05-03 13:13:35.330292+00:00
74,67, ,0,0,0,2017-05-03 13:12:13.129233+00:00
87,28,1,0,0,0,2017-05-03 13:10:40.770594+00:00
87,27,11,0,0,0,2017-05-03 13:07:41.655695+00:00
74,65,i<=9和i<10有什么区别？,0,0,0,2017-05-03 13:03:59.488631+00:00
68,66,,0,0,0,2017-05-03 13:02:18.084456+00:00
68,64,,0,0,0,2017-05-03 12:53:07.541896+00:00
68,62,,0,0,0,2017-05-03 12:47:47.447847+00:00
68,61,,0,0,0,2017-05-03 12:33:19.040446+00:00
68,59,,0,0,0,2017-05-03 12:28:08.001734+00:00
68,58,,0,0,0,2017-05-03 12:25:06.339603+00:00
68,57,,0,0,0,2017-05-03 12:23:36.784262+00:00
68,56,,0,0,0,2017-05-03 12:20:37.568902+00:00
68,53,"确定题干是完整的吗。。。
",0,0,0,2017-05-03 12:16:49.797685+00:00
68,53,,0,0,0,2017-05-03 12:16:28.574585+00:00
68,53,,0,0,0,2017-05-03 12:15:37.933733+00:00
68,19,,0,0,0,2017-05-03 11:41:38.010101+00:00
68,20,,0,0,0,2017-05-03 11:38:55.653920+00:00
68,15,,0,0,0,2017-05-03 11:34:36.728552+00:00
68,14,,0,0,0,2017-05-03 11:34:18.436088+00:00
36,23,,0,0,0,2017-05-03 08:58:55.802719+00:00
81,51,,0,0,0,2017-05-03 08:16:41.178711+00:00
33,21,,0,0,0,2017-05-03 07:07:52.613518+00:00
81,50,,0,0,0,2017-05-03 06:59:12.421487+00:00
81,64,,0,0,0,2017-05-03 06:56:29.254758+00:00
81,49,,0,0,0,2017-05-03 06:51:12.508270+00:00
81,62,,0,0,0,2017-05-03 06:48:49.917874+00:00
48,65,i<10会有什么影响吗？,0,0,0,2017-05-03 06:47:44.986612+00:00
81,61,,0,0,0,2017-05-03 06:46:10.155267+00:00
81,61,,0,0,0,2017-05-03 06:46:10.138319+00:00
81,59,,0,0,0,2017-05-03 06:41:02.019474+00:00
81,58,,0,0,0,2017-05-03 06:39:56.744550+00:00
81,56,,0,0,0,2017-05-03 06:37:39.845153+00:00
81,57,,0,0,0,2017-05-03 06:34:38.818787+00:00
81,57,,0,0,0,2017-05-03 06:34:38.734861+00:00
81,48,,0,0,0,2017-05-03 06:33:37.754895+00:00
81,48,,0,0,0,2017-05-03 06:33:06.059466+00:00
81,55,,0,0,0,2017-05-03 06:20:54.612993+00:00
81,65,,0,0,0,2017-05-03 06:17:04.335417+00:00
81,65,,0,0,0,2017-05-03 06:16:40.520365+00:00
81,65,,0,0,0,2017-05-03 06:16:25.545509+00:00
81,66,,0,0,0,2017-05-03 06:12:58.255255+00:00
81,45,,0,0,0,2017-05-03 06:06:12.618514+00:00
81,45,,0,0,0,2017-05-03 06:05:02.725858+00:00
45,19,c选项中是0668错了吗,0,0,0,2017-05-03 05:03:08.651288+00:00
11,15,",",0,0,0,2017-05-02 13:42:03.434372+00:00
11,62,..,0,0,0,2017-05-02 13:18:57.401543+00:00
13,65,i<=9和i<10不一样吗？,0,0,0,2017-05-02 10:28:23.551116+00:00
48,64,if括号里条件不完全,0,0,0,2017-05-02 08:24:22.351780+00:00
48,61,请问，while框里的条件是什么意思？,0,0,0,2017-05-02 08:19:50.279514+00:00
53,66,貌似i没有初始值诶,0,0,0,2017-05-02 07:44:45.432643+00:00
25,65,,0,0,0,2017-05-01 10:49:02.664026+00:00
13,65,  ,0,0,0,2017-05-01 09:38:22.558573+00:00
13,61,  ,0,0,0,2017-05-01 09:26:45.862392+00:00
25,64,,0,0,0,2017-04-30 10:16:17.851475+00:00
8,61, ,0,0,0,2017-04-28 13:04:11.380443+00:00
8,57, ,0,0,0,2017-04-28 12:30:39.657347+00:00
44,55,meimingbai,0,0,0,2017-04-27 09:12:21.378180+00:00
44,57,"
",0,0,0,2017-04-27 09:09:28.823696+00:00
57,49,,0,0,0,2017-04-27 08:57:32.757237+00:00
57,51,,0,0,0,2017-04-27 08:56:24.906894+00:00
57,48,,0,0,0,2017-04-27 08:54:40.344027+00:00
57,53,,0,0,0,2017-04-27 08:52:59.188892+00:00
44,52,依然分不清x++和++x到底有啥区别,0,0,0,2017-04-27 08:51:03.328406+00:00
44,52,"为啥是5
",0,0,0,2017-04-27 08:50:29.349536+00:00
57,45,,0,0,0,2017-04-27 08:45:28.101254+00:00
57,43,,0,0,0,2017-04-27 08:43:24.585893+00:00
57,52,,0,0,0,2017-04-27 08:42:22.607057+00:00
30,61,,0,0,0,2017-04-27 08:38:30.775178+00:00
44,49,因为没有break,0,0,0,2017-04-27 08:37:50.848370+00:00
57,59,,0,0,0,2017-04-27 08:37:29.672196+00:00
57,56,,0,0,0,2017-04-27 08:32:46.061007+00:00
44,48,不是很懂,0,0,0,2017-04-27 08:31:09.621479+00:00
44,48,,0,0,0,2017-04-27 08:30:54.018120+00:00
38,61,"b=1,b- ->=0是用1和0比较的   ，满足
之后b=0，b- ->=0是用0和0比较的   满足
在之后b=-1，b- ->=0是用-1和0比较的  不满足
但是，这时候b- -还是要执行的，所以b就变成-2了",0,0,0,2017-04-27 08:29:45.630999+00:00
57,44,,0,0,0,2017-04-27 08:27:43.466330+00:00
44,60,知道该选啥但是有的选项啥意思依然不太懂,0,0,0,2017-04-27 08:26:57.601852+00:00
43,61,1,0,0,0,2017-04-27 08:26:34.344622+00:00
30,59,,0,0,0,2017-04-27 08:20:56.475899+00:00
38,61,,0,0,0,2017-04-27 08:20:42.810750+00:00
57,55,,0,0,0,2017-04-27 08:20:01.906348+00:00
67,48,,0,0,0,2017-04-27 08:15:33.123432+00:00
43,56,1,0,0,0,2017-04-27 08:14:38.095326+00:00
67,51,,0,0,0,2017-04-27 08:12:29.949120+00:00
25,61,,0,0,0,2017-04-27 08:08:37.830346+00:00
57,42,,0,0,0,2017-04-27 08:07:54.618797+00:00
38,57,"while只执行后面的一条语句.......
眼瞎\捂脸.....诶呀。看题的时候要仔细呀小朋友们~",0,0,0,2017-04-27 08:05:46.258590+00:00
83,55,,0,0,0,2017-04-27 08:05:29.405690+00:00
67,52,,0,0,0,2017-04-27 08:05:19.222492+00:00
57,41,,0,0,0,2017-04-27 08:05:13.149450+00:00
83,56,,0,0,0,2017-04-27 08:03:56.759391+00:00
83,57,,0,0,0,2017-04-27 08:03:31.415318+00:00
43,53,1,0,0,0,2017-04-27 08:02:46.127400+00:00
83,58,,0,0,0,2017-04-27 08:01:41.186905+00:00
38,60,因为有break~,0,0,0,2017-04-27 08:00:39.450537+00:00
83,59,,0,0,0,2017-04-27 08:00:32.047596+00:00
38,60,,0,0,0,2017-04-27 08:00:14.189131+00:00
83,60,,0,0,0,2017-04-27 07:59:46.760655+00:00
18,61,,0,0,0,2017-04-27 07:59:40.083910+00:00
83,61,,0,0,0,2017-04-27 07:58:59.181037+00:00
44,61,为啥是-2,0,0,0,2017-04-27 07:58:53.761095+00:00
73,59,,0,0,0,2017-04-27 07:56:21.998646+00:00
25,60,,0,0,0,2017-04-27 07:56:20.613958+00:00
79,61,,0,0,0,2017-04-27 07:56:18.026308+00:00
25,59,题目中 n&gt；0  是n>0哈,0,0,0,2017-04-27 07:55:19.941049+00:00
15,61,,0,0,0,2017-04-27 07:55:16.569976+00:00
69,61,,0,0,0,2017-04-27 07:55:14.737630+00:00
44,44,是这一题没打全还是我不会做啊QAQ,0,0,0,2017-04-27 07:53:10.682615+00:00
31,59,"while(n&gt;0); 是什么意思？
",0,0,0,2017-04-27 07:52:49.602758+00:00
43,52,"?
",0,0,0,2017-04-27 07:52:06.541647+00:00
38,59,,0,0,0,2017-04-27 07:51:18.371261+00:00
38,57,,0,0,0,2017-04-27 07:49:43.552813+00:00
57,60,,0,0,0,2017-04-27 07:48:27.483567+00:00
43,50,"?
",0,0,0,2017-04-27 07:46:24.661713+00:00
33,57,,0,0,0,2017-04-27 07:46:02.597278+00:00
15,60,,0,0,0,2017-04-27 07:45:22.835275+00:00
79,56,,0,0,0,2017-04-27 07:45:11.281053+00:00
38,55,"int x =1, y=1 ;
int m=1,n=1;
switch (m)
{ 
  case 0 : x=x*2;
  case 1: {
           switch (n){ 
                       case 1 : x=x*2;
                       case 2 : y=y*2;break;
                       case 3 : x++;}
                       }
  case 2 : x++;y++;
  case 3 : x*=2;y*=2;break;
default:x++;y++;
}

梳理清结构就看懂啦~",0,0,0,2017-04-27 07:45:06.352698+00:00
30,51,,0,0,0,2017-04-27 07:44:58.354030+00:00
57,61,,0,0,0,2017-04-27 07:43:19.970316+00:00
11,60,.,0,0,0,2017-04-27 07:42:56.681706+00:00
31,61,"这里是while(区别于if)
要操作b--直到b<0
",0,0,0,2017-04-27 07:42:39.579826+00:00
15,59,,0,0,0,2017-04-27 07:42:31.661567+00:00
38,55,,0,0,0,2017-04-27 07:41:55.669457+00:00
67,57,,0,0,0,2017-04-27 07:41:54.863776+00:00
67,57,,0,0,0,2017-04-27 07:41:50.790120+00:00
11,59,.,0,0,0,2017-04-27 07:41:41.862656+00:00
11,58,.,0,0,0,2017-04-27 07:40:38.628952+00:00
42,61,,0,0,0,2017-04-27 07:40:16.616280+00:00
67,59,,0,0,0,2017-04-27 07:39:40.738814+00:00
11,57,.,0,0,0,2017-04-27 07:39:00.552673+00:00
15,57,,0,0,0,2017-04-27 07:38:35.090889+00:00
67,60,,0,0,0,2017-04-27 07:38:08.497229+00:00
11,56,.,0,0,0,2017-04-27 07:38:03.438929+00:00
33,61,,0,0,0,2017-04-27 07:37:28.933160+00:00
11,55,.,0,0,0,2017-04-27 07:37:18.312791+00:00
57,61,,0,0,0,2017-04-27 07:35:38.944085+00:00
11,61,shayisi,0,0,0,2017-04-27 07:35:00.985842+00:00
67,61,,0,0,0,2017-04-27 07:34:29.003915+00:00
31,61,"...不会做。。。
",0,0,0,2017-04-27 07:34:03.070090+00:00
11,61,?,0,0,0,2017-04-27 07:32:19.531673+00:00
15,55,,0,0,0,2017-04-27 06:49:01.079146+00:00
63,59, ,0,0,0,2017-04-27 05:41:37.633431+00:00
33,60,,0,0,0,2017-04-27 05:40:29.846220+00:00
63,57,  ,0,0,0,2017-04-27 05:38:30.111509+00:00
63,56,  ,0,0,0,2017-04-27 05:35:49.359791+00:00
63,55,  ,0,0,0,2017-04-27 05:29:16.689909+00:00
63,54,  ,0,0,0,2017-04-27 05:25:47.341994+00:00
48,59,为什么啊？,0,0,0,2017-04-27 04:38:32.607072+00:00
48,56,"求老师讲解QAQ
",0,0,0,2017-04-27 04:08:53.357276+00:00
73,48,D没有定义，不能确定是什么类型的吧，或者默认是整型，所以不会运行到<60吧,0,0,0,2017-04-26 14:33:58.103295+00:00
13,60,  ,0,0,0,2017-04-26 09:06:56.451515+00:00
13,59,  ,0,0,0,2017-04-26 09:03:54.677197+00:00
70,59,,0,0,0,2017-04-26 01:08:42.394310+00:00
51,56,？？,0,0,0,2017-04-23 16:02:17.365897+00:00
33,53,,0,0,0,2017-04-23 01:28:17.056643+00:00
33,52,,0,0,0,2017-04-23 01:24:16.670670+00:00
33,51,,0,0,0,2017-04-23 01:20:36.243398+00:00
33,55,,0,0,0,2017-04-23 00:59:12.593982+00:00
33,56,,0,0,0,2017-04-23 00:54:45.856430+00:00
13,54,  ,0,0,0,2017-04-22 13:14:12.274376+00:00
8,44, ,0,0,0,2017-04-20 11:49:39.055864+00:00
8,43, ,0,0,0,2017-04-20 11:49:02.128355+00:00
8,52,。,0,0,0,2017-04-20 09:38:23.661228+00:00
8,54,。,0,0,0,2017-04-20 09:19:34.078370+00:00
83,54,,0,0,0,2017-04-20 09:13:52.088865+00:00
83,52,,0,0,0,2017-04-20 09:12:04.163216+00:00
69,52,,0,0,0,2017-04-20 09:09:22.142992+00:00
83,51,,0,0,0,2017-04-20 09:07:06.084779+00:00
38,50,"a%2,当a是偶数时，a%2为零，0是假，所以符合，是奇数时就不用说啦
a%2==1，当a是偶数时，0==1是假的，所以符合
!(a%2＝＝0)，当a是偶数时，0==0是真，加上！是假，所以也符合。
!(a%2) ，当a是偶数时，a%2为零，0是假，加上！是真，所以不符合",0,0,0,2017-04-20 09:05:55.731214+00:00
38,50,,0,0,0,2017-04-20 08:57:49.563939+00:00
57,39,,0,0,0,2017-04-20 08:57:27.007659+00:00
66,44,,0,0,0,2017-04-20 08:47:37.563259+00:00
66,52,,0,0,0,2017-04-20 08:40:05.645888+00:00
69,54,,0,0,0,2017-04-20 08:38:41.362567+00:00
66,53,,0,0,0,2017-04-20 08:37:09.439880+00:00
38,54,,0,0,0,2017-04-20 08:36:19.383540+00:00
38,54,,0,0,0,2017-04-20 08:36:12.758427+00:00
66,43,,0,0,0,2017-04-20 08:32:03.961878+00:00
31,53,"..不会做
",0,0,0,2017-04-20 08:16:50.623106+00:00
31,51,,0,0,0,2017-04-20 08:10:39.602409+00:00
31,48,,0,0,0,2017-04-20 08:08:25.178586+00:00
11,52,是这样的，第二次是4加1得5，5已经赋给变量，else输出先输出5再变量自减1,0,0,0,2017-04-20 08:05:03.764534+00:00
11,52,??????,0,0,0,2017-04-20 07:58:20.312907+00:00
60,40,"那如果是
if xxx
        if xxx
        else xxx
else xxx
的话，难道第二个else还要和第二个if配对？！",0,0,0,2017-04-20 07:51:38.638478+00:00
83,50,,0,0,0,2017-04-20 07:36:21.577390+00:00
83,49,,0,0,0,2017-04-20 07:34:49.980806+00:00
79,54,,0,0,0,2017-04-20 07:31:10.024248+00:00
83,48,,0,0,0,2017-04-20 07:30:40.059657+00:00
56,52,请问x- -是什么意思？,0,0,0,2017-04-20 06:05:10.913447+00:00
15,53,,0,0,0,2017-04-20 06:01:48.488552+00:00
63,51,   ,0,0,0,2017-04-20 05:55:26.423217+00:00
15,52,,0,0,0,2017-04-20 05:53:02.207533+00:00
63,50,  ,0,0,0,2017-04-20 05:52:02.035981+00:00
56,49,是因为第一个switch（x）后没有break所以case2也能输出吗？,0,0,0,2017-04-20 05:51:01.775124+00:00
63,49,  ,0,0,0,2017-04-20 05:48:46.581689+00:00
15,51,,0,0,0,2017-04-20 05:47:28.949622+00:00
15,50,,0,0,0,2017-04-20 05:45:28.208243+00:00
15,49,,0,0,0,2017-04-20 05:43:42.031888+00:00
15,48,,0,0,0,2017-04-20 05:41:24.915836+00:00
63,48,  ,0,0,0,2017-04-20 05:38:34.116721+00:00
63,45,  ,0,0,0,2017-04-20 05:36:01.955728+00:00
63,44,  ,0,0,0,2017-04-20 05:35:03.506586+00:00
63,43,  ,0,0,0,2017-04-20 05:34:21.080879+00:00
63,41,  ,0,0,0,2017-04-20 05:31:45.539133+00:00
63,39,  ,0,0,0,2017-04-20 05:29:59.090759+00:00
63,38,  ,0,0,0,2017-04-20 05:27:56.638121+00:00
51,52,为什么是5,0,0,0,2017-04-19 14:27:00.385015+00:00
13,43,  ,0,0,0,2017-04-17 09:45:44.541757+00:00
68,49,为什么要执行case2？？,0,0,0,2017-04-16 12:29:26.228031+00:00
68,49,,0,0,0,2017-04-16 12:29:06.588367+00:00
68,45,,0,0,0,2017-04-16 12:25:31.466572+00:00
68,44,？？？,0,0,0,2017-04-16 12:24:36.877102+00:00
68,44,,0,0,0,2017-04-16 12:24:28.409760+00:00
68,44,,0,0,0,2017-04-16 12:24:20.445849+00:00
68,43,,0,0,0,2017-04-16 12:22:44.657925+00:00
68,41,,0,0,0,2017-04-16 12:19:14.832525+00:00
68,39,,0,0,0,2017-04-16 12:16:14.698246+00:00
68,37,,0,0,0,2017-04-16 12:05:46.424907+00:00
68,36,,0,0,0,2017-04-16 12:01:44.506447+00:00
68,35,,0,0,0,2017-04-16 11:56:20.451033+00:00
68,34,,0,0,0,2017-04-16 11:55:08.594540+00:00
68,33,,0,0,0,2017-04-16 11:54:06.414229+00:00
68,32,,0,0,0,2017-04-16 11:51:59.784722+00:00
68,31,,0,0,0,2017-04-16 11:48:56.708822+00:00
68,30,,0,0,0,2017-04-16 11:46:01.000876+00:00
68,29,,0,0,0,2017-04-16 11:42:21.090321+00:00
68,28,,0,0,0,2017-04-16 11:30:30.294851+00:00
68,27,,0,0,0,2017-04-16 11:28:04.961776+00:00
68,26,,0,0,0,2017-04-16 11:25:29.018242+00:00
68,24,是不是输入（scanf）不需要在意小数位数，输出（printf）才需要？,0,0,0,2017-04-16 11:20:23.467016+00:00
68,24,,0,0,0,2017-04-16 11:19:12.550094+00:00
68,24,,0,0,0,2017-04-16 11:18:27.343455+00:00
51,44,？？,0,0,0,2017-04-14 03:47:36.778370+00:00
51,44,"
",0,0,0,2017-04-14 03:47:14.347448+00:00
51,45,...X=2是赋值语句 永远为真,0,0,0,2017-04-14 03:44:55.039523+00:00
49,43,,0,0,0,2017-04-13 09:02:35.632643+00:00
67,42,,0,0,0,2017-04-13 09:00:56.289917+00:00
56,41,看了半天发现是因为没有加大括号，所以只有z=x是假的,0,0,0,2017-04-13 08:59:00.697359+00:00
67,43,,0,0,0,2017-04-13 08:57:55.716937+00:00
69,43,,0,0,0,2017-04-13 08:55:40.647658+00:00
83,32,,0,0,0,2017-04-13 08:53:39.413586+00:00
33,44,,0,0,0,2017-04-13 08:53:19.103677+00:00
69,44,,0,0,0,2017-04-13 08:52:52.801678+00:00
43,44,、？,0,0,0,2017-04-13 08:52:38.103850+00:00
83,31,,0,0,0,2017-04-13 08:52:01.882589+00:00
83,30,,0,0,0,2017-04-13 08:50:07.279309+00:00
32,15,可能因为运行的结果是整型数据吧。,0,0,0,2017-04-13 08:49:22.180494+00:00
33,43,,0,0,0,2017-04-13 08:49:14.109498+00:00
83,29,,0,0,0,2017-04-13 08:48:11.337426+00:00
83,28,,0,0,0,2017-04-13 08:45:55.339694+00:00
33,42,,0,0,0,2017-04-13 08:45:24.958596+00:00
83,27,,0,0,0,2017-04-13 08:44:29.536995+00:00
33,41,,0,0,0,2017-04-13 08:43:09.279675+00:00
83,26,,0,0,0,2017-04-13 08:42:14.557038+00:00
83,25,,0,0,0,2017-04-13 08:41:16.211216+00:00
83,19,,0,0,0,2017-04-13 08:40:01.127659+00:00
83,33,,0,0,0,2017-04-13 08:39:16.798324+00:00
33,45,,0,0,0,2017-04-13 08:38:45.302195+00:00
83,35,"C这种表述是不对的吧
",0,0,0,2017-04-13 08:36:48.340092+00:00
83,35,,0,0,0,2017-04-13 08:36:17.856534+00:00
83,36,第一个已经错误了，所以就不去读取后面的数值了,0,0,0,2017-04-13 08:35:40.761954+00:00
49,38,,0,0,0,2017-04-13 08:35:08.622213+00:00
18,43,,0,0,0,2017-04-13 08:31:40.420904+00:00
83,36,不懂，难道不是错误码？,0,0,0,2017-04-13 08:30:43.095406+00:00
18,42,,0,0,0,2017-04-13 08:30:12.657480+00:00
83,36,,0,0,0,2017-04-13 08:30:10.866510+00:00
83,39,,0,0,0,2017-04-13 08:28:42.712127+00:00
83,41,,0,0,0,2017-04-13 08:27:38.502431+00:00
83,42,“可以通过编译不能通过连接”什么意思？怎么做,0,0,0,2017-04-13 08:26:39.520065+00:00
43,34,0！=1为什么,0,0,0,2017-04-13 08:26:16.459519+00:00
83,42,,0,0,0,2017-04-13 08:24:30.953018+00:00
43,32,？,0,0,0,2017-04-13 08:23:25.617160+00:00
19,45,,0,0,0,2017-04-13 08:22:17.750596+00:00
83,43,,0,0,0,2017-04-13 08:18:33.330696+00:00
83,44,"这是什么意思？
",0,0,0,2017-04-13 08:16:15.672376+00:00
83,44,,0,0,0,2017-04-13 08:15:42.309356+00:00
11,42,把0赋给a，相当于逻辑上if(0),0,0,0,2017-04-13 08:14:56.020484+00:00
83,45,,0,0,0,2017-04-13 08:13:09.943348+00:00
11,42,？？,0,0,0,2017-04-13 08:12:39.375655+00:00
36,43,这个题目有问题 少了一行——助教师姐,0,0,0,2017-04-13 08:04:09.390184+00:00
11,44,？,0,0,0,2017-04-13 08:01:19.925920+00:00
30,44,？？？,0,0,0,2017-04-13 07:59:04.852938+00:00
30,44,,0,0,0,2017-04-13 07:58:50.547333+00:00
79,44,,0,0,0,2017-04-13 07:58:36.064729+00:00
79,43,,0,0,0,2017-04-13 07:58:12.342447+00:00
30,43,,0,0,0,2017-04-13 07:56:44.270852+00:00
38,44,,0,0,0,2017-04-13 07:37:18.378761+00:00
38,43,,0,0,0,2017-04-13 07:33:30.002120+00:00
31,42,"不会做诶

",0,0,0,2017-04-13 07:26:27.409982+00:00
11,43,。。。。。,0,0,0,2017-04-13 07:25:09.989746+00:00
44,43,这个没有用{}的话else认最近的if不会报错吗？,0,0,0,2017-04-13 07:24:39.808927+00:00
11,45,明白了。。是把1赋给x，如果把2赋给x，，，，所以逻辑上是if(1),0,0,0,2017-04-13 07:22:32.247012+00:00
73,44,(m是什么意思？,0,0,0,2017-04-13 07:22:14.260682+00:00
31,45,因为是= 不是== 这是个赋值啊,0,0,0,2017-04-13 07:22:03.080097+00:00
31,45,嘤嘤上当,0,0,0,2017-04-13 07:21:28.485453+00:00
11,45,不明白。。,0,0,0,2017-04-13 07:19:35.735529+00:00
15,44,,0,0,0,2017-04-13 05:59:21.285786+00:00
41,44,"？
",0,0,0,2017-04-13 05:58:35.838275+00:00
15,43,,0,0,0,2017-04-13 05:54:41.149720+00:00
15,41,"
",0,0,0,2017-04-13 05:49:15.295756+00:00
46,44,这能运行吗...,0,0,0,2017-04-12 07:17:48.668546+00:00
46,43,第五行格式没问题吗...,0,0,0,2017-04-12 07:11:59.560001+00:00
70,43,,0,0,0,2017-04-12 06:20:53.091782+00:00
81,42,,0,0,0,2017-04-11 15:06:34.287491+00:00
81,42,,0,0,0,2017-04-11 15:06:28.301220+00:00
81,43,"。。
",0,0,0,2017-04-11 15:04:44.224283+00:00
48,43,"报告，题目显示不完整
",0,0,0,2017-04-11 12:13:43.862913+00:00
48,42,为什么不是“==”呢？,0,0,0,2017-04-11 12:10:22.676571+00:00
51,41,...if只控制下一条语句,0,0,0,2017-04-11 08:59:47.365907+00:00
51,43,...程序中间是不是出错了..,0,0,0,2017-04-11 08:54:50.172428+00:00
51,43,"
",0,0,0,2017-04-11 08:53:29.896672+00:00
70,41,,0,0,0,2017-04-11 03:34:01.695032+00:00
44,41,"没明白，if x>y 不是假吗，不应该执行后边程序啊
以及这组数怎么算出来的也没太懂
求大佬解释！！",0,0,0,2017-04-11 03:24:41.893776+00:00
44,41,,0,0,0,2017-04-11 03:23:13.081081+00:00
44,37,,0,0,0,2017-04-11 03:19:35.607261+00:00
44,35,|啥意思来着，每次记没两天就忘。。。,0,0,0,2017-04-11 03:18:10.240335+00:00
44,35,,0,0,0,2017-04-11 03:17:34.401842+00:00
44,33,,0,0,0,2017-04-11 03:15:40.077622+00:00
44,32,,0,0,0,2017-04-11 03:14:10.620945+00:00
13,37,  ,0,0,0,2017-04-08 12:39:19.587404+00:00
33,35,,0,0,0,2017-04-08 08:11:28.004724+00:00
81,18,,0,0,0,2017-04-06 08:25:13.363032+00:00
81,15,,0,0,0,2017-04-06 08:24:06.685560+00:00
81,32,,0,0,0,2017-04-06 08:04:20.232227+00:00
81,32,"~
",0,0,0,2017-04-06 08:04:03.952917+00:00
57,36,,0,0,0,2017-04-06 08:03:09.650930+00:00
8,37, ,0,0,0,2017-04-06 08:01:47.717775+00:00
8,36, ,0,0,0,2017-04-06 07:59:50.038384+00:00
57,34,,0,0,0,2017-04-06 07:56:46.578886+00:00
66,35,,0,0,0,2017-04-06 07:52:56.780490+00:00
66,34,,0,0,0,2017-04-06 07:49:21.028013+00:00
31,38,,0,0,0,2017-04-06 07:49:01.927444+00:00
57,19,,0,0,0,2017-04-06 07:48:40.944761+00:00
66,32,b=（int)x;,0,0,0,2017-04-06 07:46:39.416327+00:00
66,32,,0,0,0,2017-04-06 07:46:17.149245+00:00
66,37,,0,0,0,2017-04-06 07:45:29.852249+00:00
83,24,,0,0,0,2017-04-06 07:45:12.010702+00:00
31,30,好坑啊、,0,0,0,2017-04-06 07:44:30.750658+00:00
31,29,,0,0,0,2017-04-06 07:43:13.757786+00:00
31,29,"A和C有区别么？
",0,0,0,2017-04-06 07:43:07.868295+00:00
31,28,get括号里只看最后一个,0,0,0,2017-04-06 07:40:31.199098+00:00
57,38,,0,0,0,2017-04-06 07:40:07.316006+00:00
38,35,,0,0,0,2017-04-06 07:39:17.698101+00:00
83,37,,0,0,0,2017-04-06 07:38:56.726560+00:00
83,38,,0,0,0,2017-04-06 07:36:49.114734+00:00
38,34,,0,0,0,2017-04-06 07:34:07.757066+00:00
69,34,,0,0,0,2017-04-06 07:33:55.208095+00:00
58,36,,0,0,0,2017-04-06 07:30:10.828481+00:00
8,34, ,0,0,0,2017-04-06 07:29:57.533163+00:00
41,20,"？
",0,0,0,2017-04-06 07:29:42.967704+00:00
38,33,,0,0,0,2017-04-06 07:28:58.400310+00:00
81,38,,0,0,0,2017-04-06 07:28:53.393927+00:00
8,33,。,0,0,0,2017-04-06 07:28:25.486253+00:00
79,35,,0,0,0,2017-04-06 07:28:00.373965+00:00
69,33,,0,0,0,2017-04-06 07:27:28.062994+00:00
8,32,。,0,0,0,2017-04-06 07:27:00.874930+00:00
11,38,典型易错题！后面的不执行了！,0,0,0,2017-04-06 07:23:02.230988+00:00
30,37,,0,0,0,2017-04-06 06:32:57.209164+00:00
30,33,,0,0,0,2017-04-06 06:25:50.184788+00:00
30,32,,0,0,0,2017-04-06 06:25:00.237639+00:00
63,36,  ,0,0,0,2017-04-06 05:42:58.275284+00:00
70,36,,0,0,0,2017-04-06 05:39:03.966406+00:00
63,37,  ,0,0,0,2017-04-06 05:34:20.392438+00:00
63,35,"  
",0,0,0,2017-04-06 05:29:56.806453+00:00
63,32,  ,0,0,0,2017-04-06 05:22:02.838964+00:00
48,35,看不懂&号  QAQ,0,0,0,2017-04-05 10:22:24.110229+00:00
49,36,不懂 为什么我按照题目条件运行后输出结果是0？？,0,0,0,2017-04-05 09:42:46.763364+00:00
49,36,,0,0,0,2017-04-05 09:42:23.020804+00:00
49,36,,0,0,0,2017-04-05 09:41:49.191728+00:00
51,36,1,0,0,0,2017-04-05 09:21:06.833256+00:00
51,37,"
",0,0,0,2017-04-05 09:18:25.793929+00:00
49,34,非运算的！能写在表达式右边？？,0,0,0,2017-04-05 09:16:09.432894+00:00
49,34,,0,0,0,2017-04-05 09:15:34.138205+00:00
49,33,,0,0,0,2017-04-05 09:13:19.126633+00:00
49,32,,0,0,0,2017-04-05 09:07:20.263844+00:00
70,35,,0,0,0,2017-04-04 02:40:49.893719+00:00
70,32,,0,0,0,2017-04-03 04:21:09.939014+00:00
70,34,,0,0,0,2017-04-03 04:19:44.342758+00:00
18,34,,0,0,0,2017-04-02 13:00:02.740506+00:00
51,33,,0,0,0,2017-04-02 09:56:23.396126+00:00
13,30,  ,0,0,0,2017-03-30 15:26:31.094291+00:00
13,29,  ,0,0,0,2017-03-30 15:24:42.232132+00:00
13,27,  ,0,0,0,2017-03-30 15:21:22.236175+00:00
66,30,,0,0,0,2017-03-30 14:18:49.924437+00:00
66,29,,0,0,0,2017-03-30 14:15:54.883111+00:00
66,28,,0,0,0,2017-03-30 14:13:04.717258+00:00
66,27,,0,0,0,2017-03-30 14:12:09.750400+00:00
41,31,。。,0,0,0,2017-03-30 09:10:56.849709+00:00
57,31,,0,0,0,2017-03-30 08:55:25.621848+00:00
57,30,,0,0,0,2017-03-30 08:35:38.381123+00:00
57,29,,0,0,0,2017-03-30 08:24:40.990559+00:00
15,15,,0,0,0,2017-03-30 08:23:07.099844+00:00
15,30,,0,0,0,2017-03-30 08:19:23.017654+00:00
57,28,,0,0,0,2017-03-30 08:18:08.610708+00:00
15,29,,0,0,0,2017-03-30 08:17:59.536217+00:00
57,27,"同问为什么a++最后是三位数啊？不应该是指定的数占两列吗？
",0,0,0,2017-03-30 08:14:47.638029+00:00
57,27,,0,0,0,2017-03-30 08:12:46.903623+00:00
15,28,,0,0,0,2017-03-30 08:11:02.041168+00:00
44,30,,0,0,0,2017-03-30 08:10:36.619820+00:00
67,26,,0,0,0,2017-03-30 08:06:53.011988+00:00
67,26,,0,0,0,2017-03-30 08:06:41.104278+00:00
72,31,"从右向左进行计算，100除以48取整为2，f=f*2,x=f",0,0,0,2017-03-30 08:05:46.090666+00:00
70,29,,0,0,0,2017-03-30 08:04:49.989106+00:00
44,29,"A和C区别在哪？
",0,0,0,2017-03-30 08:04:42.595224+00:00
81,30,,0,0,0,2017-03-30 08:04:05.452994+00:00
49,31,,0,0,0,2017-03-30 08:03:24.363839+00:00
72,31,,0,0,0,2017-03-30 08:02:53.093894+00:00
60,31,"虽然运算精度按照最高水平，但是数据输出还是要按照定义时候的精度啊
",0,0,0,2017-03-30 08:01:55.868821+00:00
44,31,2,0,0,0,2017-03-30 08:01:12.743995+00:00
56,29,选项A和C 有什么区别吗？,0,0,0,2017-03-30 08:00:46.783363+00:00
67,27,,0,0,0,2017-03-30 08:00:03.214479+00:00
57,26,,0,0,0,2017-03-30 07:59:58.910620+00:00
70,31,,0,0,0,2017-03-30 07:55:03.825990+00:00
72,29,"%d是十进制的格式，输入数据时，需要一个或者多个空格，或者回车，或者Tab将数据分隔开；c%是字符型的格式，输入数据时，空格字符和转义字符都作为有效字符输入。
",0,0,0,2017-03-30 07:54:26.582949+00:00
67,28,,0,0,0,2017-03-30 07:54:05.407408+00:00
49,30,,0,0,0,2017-03-30 07:53:46.054136+00:00
60,31,,0,0,0,2017-03-30 07:53:41.382192+00:00
60,31,,0,0,0,2017-03-30 07:53:37.912084+00:00
38,20,,0,0,0,2017-03-30 07:53:22.888198+00:00
44,28,原来还有个（，）的运算！,0,0,0,2017-03-30 07:50:57.427628+00:00
15,20,,0,0,0,2017-03-30 07:50:38.473429+00:00
69,28,,0,0,0,2017-03-30 07:50:24.924468+00:00
44,28,不会出错吗(⊙_⊙)？,0,0,0,2017-03-30 07:50:17.600454+00:00
67,29,,0,0,0,2017-03-30 07:50:17.389371+00:00
59,28,"？？？？
讲道理，这些引号似乎是中文的标点？？？？",0,0,0,2017-03-30 07:49:56.764105+00:00
33,30,,0,0,0,2017-03-30 07:49:27.378059+00:00
69,29,,0,0,0,2017-03-30 07:49:25.701151+00:00
49,29,,0,0,0,2017-03-30 07:48:46.800544+00:00
38,30,,0,0,0,2017-03-30 07:48:00.650002+00:00
69,30,,0,0,0,2017-03-30 07:47:21.851777+00:00
33,29,,0,0,0,2017-03-30 07:47:02.595094+00:00
49,28,"这居然是逗号表达式……做了四次才作对啊……
",0,0,0,2017-03-30 07:46:27.974603+00:00
49,28,,0,0,0,2017-03-30 07:45:36.612485+00:00
72,28,"为什么，能解释一下吗
",0,0,0,2017-03-30 07:45:25.063917+00:00
67,30,,0,0,0,2017-03-30 07:45:21.393867+00:00
33,28,,0,0,0,2017-03-30 07:43:23.100822+00:00
30,25,,0,0,0,2017-03-30 07:41:25.607191+00:00
38,29,,0,0,0,2017-03-30 07:41:15.299398+00:00
67,30,,0,0,0,2017-03-30 07:39:41.882476+00:00
38,27,为什么a++最后是三位数啊？不应该是指定的数占两列吗？,0,0,0,2017-03-30 07:38:34.497063+00:00
43,27,噢噢b是八进制数，所以加一变11,0,0,0,2017-03-30 07:38:00.981118+00:00
67,31,,0,0,0,2017-03-30 07:36:59.367256+00:00
69,31,,0,0,0,2017-03-30 07:36:20.203289+00:00
43,27,"？
",0,0,0,2017-03-30 07:35:24.291779+00:00
30,27,,0,0,0,2017-03-30 07:34:19.729557+00:00
11,30,"没审清题
",0,0,0,2017-03-30 07:33:29.552225+00:00
30,28,,0,0,0,2017-03-30 07:33:29.040109+00:00
79,30,,0,0,0,2017-03-30 07:33:06.287312+00:00
44,26,为什么啊QAQ,0,0,0,2017-03-30 07:32:41.420986+00:00
79,29,,0,0,0,2017-03-30 07:32:02.871687+00:00
11,29,A和C有区别吗。。。,0,0,0,2017-03-30 07:31:44.806811+00:00
30,31,,0,0,0,2017-03-30 07:30:41.138746+00:00
60,26,果真不是c语言钦定的输入方式，限定很多的啊,0,0,0,2017-03-30 07:30:24.715178+00:00
79,27,,0,0,0,2017-03-30 07:30:04.833936+00:00
43,26,ab是错在哪里？,0,0,0,2017-03-30 07:30:03.738239+00:00
79,26,,0,0,0,2017-03-30 07:28:40.560046+00:00
44,25,qiujie,0,0,0,2017-03-30 07:28:16.252242+00:00
79,25,,0,0,0,2017-03-30 07:28:02.458517+00:00
79,25,,0,0,0,2017-03-30 07:27:56.583267+00:00
11,28,我的天，原来是逗号后面的！！！！！,0,0,0,2017-03-30 07:27:39.601844+00:00
79,31,,0,0,0,2017-03-30 07:27:20.199108+00:00
63,29,  ,0,0,0,2017-03-30 06:31:46.455338+00:00
63,30,  ,0,0,0,2017-03-30 06:30:22.098154+00:00
56,21,"main()
{int a=7;
float x=2.5,y=4.7;
printf(""x+a%3*（int)（x+y）%2/4=%f"",a,x,y);
}
为什么按这个输出结果是0.000000",0,0,0,2017-03-30 06:27:46.858867+00:00
63,28,  ,0,0,0,2017-03-30 06:17:31.260460+00:00
56,30,"错误原因是输入的25,13,10中间用了逗号，与scanf的输入形式不符",0,0,0,2017-03-30 05:56:29.986704+00:00
63,27,  ,0,0,0,2017-03-30 05:35:40.301488+00:00
63,26,   ,0,0,0,2017-03-30 05:33:25.983342+00:00
43,23,？,0,0,0,2017-03-30 05:29:40.386073+00:00
43,19,-0x48a 2e5 0x 是错在哪里？,0,0,0,2017-03-30 05:16:37.384944+00:00
43,20,a选项错了哪里？,0,0,0,2017-03-30 05:09:20.895189+00:00
43,30,不对打错了...为什么不是a？,0,0,0,2017-03-30 05:05:48.697783+00:00
43,30,为什么不是c啊？？,0,0,0,2017-03-30 05:04:50.662964+00:00
51,30,没有按格式输入,0,0,0,2017-03-29 13:33:32.818446+00:00
46,29,ac选项有什么不同？,0,0,0,2017-03-29 11:12:11.906642+00:00
48,29,A，C选项的区别在哪儿啊？,0,0,0,2017-03-29 08:56:21.180568+00:00
81,29,"这一题选项有问题吧。。应该都没空格
",0,0,0,2017-03-29 08:28:07.742085+00:00
18,29,请问为什么A和C一样呢？,0,0,0,2017-03-28 12:47:23.022009+00:00
73,29,,0,0,0,2017-03-28 10:15:25.334590+00:00
73,25,,0,0,0,2017-03-28 10:07:20.662838+00:00
51,28,逗号输出最后的数,0,0,0,2017-03-28 08:05:08.112042+00:00
51,29,看不懂A和C的区别,0,0,0,2017-03-28 07:55:28.338315+00:00
74,29,想问问CA两个选项有什么区别,0,0,0,2017-03-28 07:20:21.608474+00:00
33,24,,0,0,0,2017-03-26 14:10:51.279564+00:00
33,23,,0,0,0,2017-03-26 14:07:43.613820+00:00
33,22,,0,0,0,2017-03-26 14:02:50.496404+00:00
33,27,,0,0,0,2017-03-26 14:00:21.410992+00:00
49,24,"&amp;   &
&amp; 是Html中的一种特殊符号，就是&",0,0,0,2017-03-26 12:40:07.424799+00:00
49,24,明明写上它是错误的 不写就是正确的,0,0,0,2017-03-26 12:38:30.126888+00:00
49,24,"amp;amp;amp;amp;
到底是什么 为什么老看见它",0,0,0,2017-03-26 12:37:44.488340+00:00
51,26,"
 ",0,0,0,2017-03-26 12:10:47.047000+00:00
51,27,"
 
",0,0,0,2017-03-26 12:04:56.445482+00:00
49,25,"哦哦逗号表达式只看最后一项
",0,0,0,2017-03-26 10:51:26.203548+00:00
49,25,是B D,0,0,0,2017-03-26 10:50:16.866084+00:00
49,25,"为什么只有C是对的
BC做完运算后也没有赋值啊",0,0,0,2017-03-26 10:49:52.777967+00:00
49,25,,0,0,0,2017-03-26 10:48:55.808460+00:00
49,25,,0,0,0,2017-03-26 10:47:50.321475+00:00
49,27,,0,0,0,2017-03-26 10:20:26.310761+00:00
49,20,"A：‘&amp;amp;amp;’ 字符常量单引号里只能放一个字符
      8.9e 实型常量的的指数形式E e前比有数字，后必为整数
      0f 整型常量中0_为八进制数，八进制数中没有字符f
B：“a” 字符常量表示形式为单引号
       3.9E-2.5 错误同上上上
C：0a 错误同上上上
纯手打 求点赞【没法点啊啊
       
",0,0,0,2017-03-26 04:27:19.078092+00:00
49,20,,0,0,0,2017-03-25 09:06:49.968529+00:00
51,24,完全不懂...,0,0,0,2017-03-24 10:24:56.515704+00:00
51,24,"
",0,0,0,2017-03-24 10:21:57.573767+00:00
51,25,y+1并没有给y赋值 所以y还是等于6,0,0,0,2017-03-24 10:20:24.685959+00:00
70,25,,0,0,0,2017-03-24 09:17:51.245765+00:00
41,24,"不懂，amp是什么？
",0,0,0,2017-03-23 09:10:38.175385+00:00
41,19,我是怎么蒙对的?,0,0,0,2017-03-23 09:08:41.334038+00:00
41,24,a,0,0,0,2017-03-23 08:59:34.790090+00:00
63,24,  ,0,0,0,2017-03-23 08:16:16.587635+00:00
63,19,"  
",0,0,0,2017-03-23 08:13:00.363694+00:00
44,23,结果输出了一下c2真的是问号，为什么呀不应该有对应符号的吗？,0,0,0,2017-03-23 08:10:02.259753+00:00
44,23,麻袋麻袋，197输出不应该是那个十字形吗为啥是无法确定啊，还是说无法确定指的是不查表就不知道是啥？只要超出字母范畴就无法确定？,0,0,0,2017-03-23 08:05:44.646857+00:00
57,24,,0,0,0,2017-03-23 08:04:27.722134+00:00
57,24,,0,0,0,2017-03-23 08:04:24.303093+00:00
63,23,  ,0,0,0,2017-03-23 08:02:22.037451+00:00
83,22,a被第二次赋值以后，值为-30，不是6,0,0,0,2017-03-23 07:58:08.343435+00:00
57,23,,0,0,0,2017-03-23 07:55:50.806568+00:00
79,23,,0,0,0,2017-03-23 07:55:47.909568+00:00
44,23,字符是几位来着,0,0,0,2017-03-23 07:54:04.077210+00:00
79,22,,0,0,0,2017-03-23 07:53:51.301395+00:00
58,20,,0,0,0,2017-03-23 07:51:53.954858+00:00
44,22,从右往左算,0,0,0,2017-03-23 07:51:51.044156+00:00
79,21,,0,0,0,2017-03-23 07:51:37.969680+00:00
83,22,,0,0,0,2017-03-23 07:51:33.450606+00:00
44,22,混乱,0,0,0,2017-03-23 07:50:49.404755+00:00
69,23,,0,0,0,2017-03-23 07:50:14.099463+00:00
83,20,,0,0,0,2017-03-23 07:50:12.821190+00:00
63,21,  ,0,0,0,2017-03-23 07:49:29.741741+00:00
83,18,,0,0,0,2017-03-23 07:49:06.575173+00:00
79,19,,0,0,0,2017-03-23 07:48:59.426080+00:00
57,22,,0,0,0,2017-03-23 07:48:09.158096+00:00
83,21,然而7.2取7就只能算出2.750000了，所以难道取8？,0,0,0,2017-03-23 07:48:06.572635+00:00
79,20,,0,0,0,2017-03-23 07:47:26.644514+00:00
11,19,还是不会做这种题。。。,0,0,0,2017-03-23 07:46:53.387468+00:00
11,20,不明白其它选项错在哪里。。,0,0,0,2017-03-23 07:45:59.724869+00:00
67,23,,0,0,0,2017-03-23 07:45:55.131190+00:00
63,22,？？,0,0,0,2017-03-23 07:45:32.710191+00:00
79,18,,0,0,0,2017-03-23 07:45:13.841897+00:00
11,18,刚开始不是很能灵活运用运算规则，错了三遍之后，会了orz,0,0,0,2017-03-23 07:45:06.980200+00:00
79,24,,0,0,0,2017-03-23 07:44:47.431075+00:00
79,11,,0,0,0,2017-03-23 07:44:39.102092+00:00
30,22,,0,0,0,2017-03-23 07:43:57.861634+00:00
31,23,为什么C2输出是-59？,0,0,0,2017-03-23 07:43:18.870563+00:00
11,22,这道题出的好  ！,0,0,0,2017-03-23 07:42:15.950810+00:00
11,24,不太懂amp，求大神解答,0,0,0,2017-03-23 07:41:07.155858+00:00
67,22,,0,0,0,2017-03-23 07:40:34.349881+00:00
69,19,,0,0,0,2017-03-23 07:40:30.278745+00:00
69,24,,0,0,0,2017-03-23 07:38:48.803337+00:00
31,22,根本不会做，运算顺序是怎样的阿？,0,0,0,2017-03-23 07:38:27.726189+00:00
63,20,e或者E之后必须为整数！,0,0,0,2017-03-23 07:38:06.494937+00:00
73,22,为什么连续赋值运算要从右往左算呢？ 在百度上查的有两种运算方式，其中有一种无论如何结果都是等于0，解释如下：连续赋值运算，计算顺序是自右至左的。所以 a+=a-=a*=a计算顺序是1 a*=a;2 a-=a;3 a+=a;也就是1 a=a*a;2 a=a-a;3 a=a+a;可以看到，无论a值是多少，第一步的结果是多少，到第二步的时候，a的值都会是0.所以最终结果，也就是第三步的结果，仍为0。最终a为0。 望老师解答，谢谢！,0,0,0,2017-03-23 07:38:06.013646+00:00
30,18,,0,0,0,2017-03-23 07:37:44.601797+00:00
44,21,7.2的四舍五入就是7啊哥们儿,0,0,0,2017-03-23 07:36:48.484848+00:00
83,21,7.2化为整形是7，不是8,0,0,0,2017-03-23 07:36:48.020697+00:00
30,20,？？？,0,0,0,2017-03-23 07:36:47.696635+00:00
69,21,,0,0,0,2017-03-23 07:35:35.492494+00:00
83,21,,0,0,0,2017-03-23 07:33:26.089808+00:00
30,20,,0,0,0,2017-03-23 07:31:22.393250+00:00
31,20,这道题该怎么做呀？,0,0,0,2017-03-23 07:30:19.568134+00:00
67,21,,0,0,0,2017-03-23 07:29:56.661952+00:00
31,19,不会做呀,0,0,0,2017-03-23 07:29:20.627533+00:00
30,23,,0,0,0,2017-03-23 07:28:32.727199+00:00
44,19,,0,0,0,2017-03-23 07:27:39.606970+00:00
57,20,,0,0,0,2017-03-23 07:27:03.999253+00:00
67,20,,0,0,0,2017-03-23 07:26:46.618371+00:00
67,20,,0,0,0,2017-03-23 07:26:41.577713+00:00
30,24,,0,0,0,2017-03-23 07:26:40.791729+00:00
87,20,"1
",0,0,0,2017-03-23 07:21:52.411872+00:00
57,18,,0,0,0,2017-03-23 07:21:03.368203+00:00
68,22,,0,0,0,2017-03-22 12:48:45.269532+00:00
51,23,不确定是因为197超过了127的上限 所以没有对应的符号,0,0,0,2017-03-22 12:46:27.862128+00:00
68,23,,0,0,0,2017-03-22 12:43:31.335653+00:00
32,19,？,0,0,0,2017-03-22 12:42:33.433780+00:00
51,23,,0,0,0,2017-03-22 12:41:55.924704+00:00
51,23,"简单的算法就是:
197-256=-59",0,0,0,2017-03-22 12:41:49.610750+00:00
51,23,"考点一：char 类型变量里面存的是字符的ASCII编码，是10进制数值。占1个字节，无符号整形的。所以表示的范围是0-255.而char换成int形的时候要考虑数的正负数问题。
考点二：负数的补码:【负数的补码是对其原码逐位取反，但符号位除外；然后整个数加1。】
那么我们反着回去：
197对应的二进制是：11000101，不看符号位。减1=11000100，然后除符号位全部取反=10111011，第一位1表示负数，后面的0111011写成10进制等于32+16+8+2+1=59，所以中和起来就是-59",0,0,0,2017-03-22 12:41:27.610141+00:00
32,20,？？,0,0,0,2017-03-22 12:40:14.299755+00:00
32,23,不懂为什么第二个c2=—59，也不懂为什么无法确定。,0,0,0,2017-03-22 12:36:18.940447+00:00
51,23,为什么是-59？,0,0,0,2017-03-22 12:33:30.487902+00:00
70,22,,0,0,0,2017-03-22 07:55:35.430567+00:00
70,21,,0,0,0,2017-03-22 07:54:20.781357+00:00
70,23,,0,0,0,2017-03-22 07:44:40.908770+00:00
51,22,"注意应该从后面往前面算，即a=a+（a=a-a*a）,代入6得，a=a-30，此时a=-30，再代入得a=-60",0,0,0,2017-03-21 09:19:03.546547+00:00
51,21,7.2强制化为整型数是8而不是7,0,0,0,2017-03-21 09:16:42.897200+00:00
53,22,"a-=a*a即为a=a-a*a=6-6*6=-30
a+=a即为a=a+a=-60",0,0,0,2017-03-21 08:23:50.091464+00:00
53,18,当各种类型的变量混合运算的时候，最后得到的数值的数据类型与之前类型中字节数最多的保持一致,0,0,0,2017-03-21 08:07:09.089548+00:00
53,17,double定义双精度实型变量,0,0,0,2017-03-21 08:05:08.794185+00:00
81,19,,0,0,0,2017-03-20 12:30:39.707734+00:00
81,21,注意运算优先级，还有取值,0,0,0,2017-03-20 10:05:38.021765+00:00
49,19,,0,0,0,2017-03-19 13:46:13.684179+00:00
74,20,,0,0,0,2017-03-19 11:01:24.952222+00:00
33,20,,0,0,0,2017-03-19 07:33:27.373764+00:00
33,19,,0,0,0,2017-03-19 07:20:21.879178+00:00
70,20,,0,0,0,2017-03-19 05:34:37.164044+00:00
32,15,float 在这里是变量名吗？为什么是整型表达式呢？,0,0,0,2017-03-17 10:52:43.246290+00:00
81,7,Interesting.,0,0,0,2017-03-16 09:02:40.608374+00:00
83,16,,0,0,0,2017-03-16 08:26:07.515031+00:00
83,15,,0,0,0,2017-03-16 08:25:22.553272+00:00
83,14,,0,0,0,2017-03-16 08:23:43.232534+00:00
83,13,short2int4chart1,0,0,0,2017-03-16 08:22:16.312784+00:00
83,11,"这个分号一定不能遗漏
",0,0,0,2017-03-16 08:20:06.666586+00:00
44,16,好蓝啊,0,0,0,2017-03-16 08:18:36.293232+00:00
44,17,iwannahaveatry,0,0,0,2017-03-16 08:18:02.924958+00:00
44,17,发一个试试,0,0,0,2017-03-16 08:17:13.603722+00:00
83,10,函数体  需要用大括号括起来,0,0,0,2017-03-16 08:16:49.684691+00:00
83,10,,0,0,0,2017-03-16 08:16:13.082903+00:00
83,9,,0,0,0,2017-03-16 08:13:14.167034+00:00
83,9,,0,0,0,2017-03-16 08:12:07.842280+00:00
83,8,,0,0,0,2017-03-16 08:09:05.940644+00:00
87,17,1,0,0,0,2017-03-16 07:58:49.228470+00:00
57,13,,0,0,0,2017-03-16 07:48:59.883731+00:00
30,13,,0,0,0,2017-03-16 07:41:54.438860+00:00
30,15,,0,0,0,2017-03-16 07:39:48.178272+00:00
57,14,"
",0,0,0,2017-03-16 07:39:12.672862+00:00
41,17,终于做对了一个,0,0,0,2017-03-16 07:39:11.857505+00:00
30,14,,0,0,0,2017-03-16 07:39:01.199867+00:00
41,15,我觉得这应该是一个函数调用阿?不知道为什么是整形表达式.,0,0,0,2017-03-16 07:37:52.328146+00:00
41,15,"why?
",0,0,0,2017-03-16 07:36:51.619264+00:00
57,15,,0,0,0,2017-03-16 07:36:26.163055+00:00
57,10,,0,0,0,2017-03-16 07:30:58.734065+00:00
57,8,只要打分号就可以写很多条语句哟~,0,0,0,2017-03-16 07:29:29.723408+00:00
79,17,,0,0,0,2017-03-16 07:24:53.329346+00:00
79,17,,0,0,0,2017-03-16 07:23:59.942299+00:00
29,16,明明还没讲qaq,0,0,0,2017-03-16 06:13:36.485184+00:00
53,15,sizeof(float)是一个整形表达式吗？不是很懂，我认为这应该是一个计算floa类型数据占用内存字节数的函数调用。希望老师讲解一下,0,0,0,2017-03-14 15:24:16.228976+00:00
81,14,,0,0,0,2017-03-14 13:08:07.771459+00:00
56,12,,0,0,0,2017-03-14 12:04:03.567049+00:00
4,14,,0,0,0,2017-03-14 11:48:47.251971+00:00
72,13,,0,0,0,2017-03-14 08:21:34.913056+00:00
72,12,C语言的标识符由数字、字母、下划线三部分构成，并且第一个字符必须是字母或者下划线。,0,0,0,2017-03-14 08:18:47.919947+00:00
53,12,标识符的第一个字符是字母或下划线，或下划线，或下划线,0,0,0,2017-03-13 14:18:51.132427+00:00
53,14,正确的字符常量应该在相应的字符两边使用单引号‘’,0,0,0,2017-03-13 14:14:20.305679+00:00
53,13,一般情况下，char类型数据在内存中占用2字节，short类型数据占用2字节，而int类型数据占用2或4字节，这些均由所用机器的机器字长决定。,0,0,0,2017-03-12 14:49:59.340468+00:00
53,11,每条语句结束后需要使用);来结尾,0,0,0,2017-03-11 01:23:48.945999+00:00
49,11,,0,0,0,2017-03-11 00:57:36.246458+00:00
29,10,,0,0,0,2017-03-10 02:53:36.431576+00:00
53,9,Word明显不是C程序编译的环境,0,0,0,2017-03-09 07:47:03.341060+00:00
53,8,C语言本身没有输入输出语句，使用时是从函数库中调用。注释中的内容不会进入编译过程，编译过程自然也就不会发现其中的错误。main函数不必位于程序最前面，但是不论位于哪里，都会优先执行。C程序中的每行写多少条语句任意。,0,0,0,2017-03-09 07:46:03.221383+00:00
67,9,,0,0,0,2017-03-09 07:45:10.985173+00:00
70,10, ,0,0,0,2017-03-09 07:44:07.469798+00:00
49,10,换个浏览器就能做题了,0,0,0,2017-03-09 07:41:58.102915+00:00
41,10,B,0,0,0,2017-03-09 07:41:06.172909+00:00
53,7,一个程序的执行从main函数开始从main函数结束，但是中间执行到其它函数时将会暂时跳出主函数，执行完毕后再返回主函数。,0,0,0,2017-03-09 07:40:49.746453+00:00
31,8,,0,0,0,2017-03-09 07:40:12.491525+00:00
53,10,函数体需要使用{}括起来,0,0,0,2017-03-09 07:35:21.742386+00:00
49,10,,0,0,0,2017-03-09 07:35:06.859397+00:00
62,9,,0,0,0,2017-03-09 07:30:39.956584+00:00
27,10,发一个试试…,0,0,0,2017-03-09 07:29:39.959261+00:00
27,10,,0,0,0,2017-03-09 07:24:14.171183+00:00
49,9,,0,0,0,2017-03-09 04:28:26.690842+00:00
49,9,,0,0,0,2017-03-09 04:28:08.466167+00:00
